product_name,unit_price,category_name,Quantity_Units_Sold
Chartreuse verte,18,Beverages,130
Wimmers gute Semmelkn�del,33.25,Grains/Cereals,130
Jack's New England Clam Chowder,9.65,Seafood,120
Manjimup Dried Apples,53,Produce,120
Perth Pasties,32.8,Meat/Poultry,120
P�t� chinois,24,Meat/Poultry,120
P�t� chinois,24,Meat/Poultry,120
Rh�nbr�u Klosterbier,7.75,Beverages,120
Schoggi Schokolade,43.9,Confections,120
Sirop d'�rable,28.5,Condiments,120
Guaran� Fant�stica,4.5,Beverages,110
Raclette Courdavault,55,Dairy Products,110
Rogede sild,9.5,Seafood,110
Alice Mutton,39,Meat/Poultry,100
Camembert Pierrot,34,Dairy Products,100
Chang,19,Beverages,100
Gula Malacca,19.45,Condiments,100
Ikura,31,Seafood,100
Queso Manchego La Pastora,38,Dairy Products,100
Raclette Courdavault,55,Dairy Products,100
Rogede sild,9.5,Seafood,100
Singaporean Hokkien Fried Mee,14,Grains/Cereals,100
Steeleye Stout,18,Beverages,100
Boston Crab Meat,18.4,Seafood,91
Lakkalik��ri,18,Beverages,90
Sasquatch Ale,14,Beverages,90
Sirop d'�rable,28.5,Condiments,90
Uncle Bob's Organic Dried Pears,30,Produce,90
Camembert Pierrot,34,Dairy Products,84
Konbu,6,Seafood,84
Camembert Pierrot,34,Dairy Products,80
Chai,18,Beverages,80
Chartreuse verte,18,Beverages,80
Escargots de Bourgogne,13.25,Seafood,80
Guaran� Fant�stica,4.5,Beverages,80
Guaran� Fant�stica,4.5,Beverages,80
Jack's New England Clam Chowder,9.65,Seafood,80
Konbu,6,Seafood,80
Lakkalik��ri,18,Beverages,80
Louisiana Fiery Hot Pepper Sauce,21.05,Condiments,80
Scottish Longbreads,12.5,Confections,80
Tarte au sucre,49.3,Confections,80
Teatime Chocolate Biscuits,9.2,Confections,80
Th�ringer Rostbratwurst,123.79,Meat/Poultry,80
Tourti�re,7.45,Meat/Poultry,80
Vegie-spread,43.9,Condiments,80
Alice Mutton,39,Meat/Poultry,77
Gula Malacca,19.45,Condiments,77
Konbu,6,Seafood,77
Alice Mutton,39,Meat/Poultry,70
Boston Crab Meat,18.4,Seafood,70
Camembert Pierrot,34,Dairy Products,70
Camembert Pierrot,34,Dairy Products,70
Chef Anton's Gumbo Mix,21.35,Condiments,70
Chocolade,12.75,Confections,70
Filo Mix,7,Grains/Cereals,70
Gnocchi di nonna Alice,38,Grains/Cereals,70
Gnocchi di nonna Alice,38,Grains/Cereals,70
Gorgonzola Telino,12.5,Dairy Products,70
Gorgonzola Telino,12.5,Dairy Products,70
Grandma's Boysenberry Spread,25,Condiments,70
Gumb�r Gummib�rchen,31.23,Confections,70
Ikura,31,Seafood,70
Ikura,31,Seafood,70
Northwoods Cranberry Sauce,40,Condiments,70
Northwoods Cranberry Sauce,40,Condiments,70
Original Frankfurter gr�ne So�e,13,Condiments,70
Perth Pasties,32.8,Meat/Poultry,70
Perth Pasties,32.8,Meat/Poultry,70
Raclette Courdavault,55,Dairy Products,70
Raclette Courdavault,55,Dairy Products,70
R�ssle Sauerkraut,45.6,Produce,70
Steeleye Stout,18,Beverages,70
Tarte au sucre,49.3,Confections,70
Tofu,23.25,Produce,70
Tunnbr�d,9,Grains/Cereals,70
Tunnbr�d,9,Grains/Cereals,70
Sirop d'�rable,28.5,Condiments,66
Chef Anton's Gumbo Mix,21.35,Condiments,65
Gudbrandsdalsost,36,Dairy Products,65
Konbu,6,Seafood,65
Louisiana Fiery Hot Pepper Sauce,21.05,Condiments,65
Pavlova,17.45,Confections,65
P�t� chinois,24,Meat/Poultry,65
Sir Rodney's Scones,10,Confections,65
Vegie-spread,43.9,Condiments,65
Gumb�r Gummib�rchen,31.23,Confections,63
Aniseed Syrup,10,Condiments,60
Boston Crab Meat,18.4,Seafood,60
Boston Crab Meat,18.4,Seafood,60
Boston Crab Meat,18.4,Seafood,60
Camembert Pierrot,34,Dairy Products,60
Camembert Pierrot,34,Dairy Products,60
Chai,18,Beverages,60
Chang,19,Beverages,60
Chartreuse verte,18,Beverages,60
C�te de Blaye,263.5,Beverages,60
C�te de Blaye,263.5,Beverages,60
Escargots de Bourgogne,13.25,Seafood,60
Filo Mix,7,Grains/Cereals,60
Flotemysost,21.5,Dairy Products,60
Flotemysost,21.5,Dairy Products,60
Flotemysost,21.5,Dairy Products,60
Flotemysost,21.5,Dairy Products,60
Geitost,2.5,Dairy Products,60
Geitost,2.5,Dairy Products,60
Gnocchi di nonna Alice,38,Grains/Cereals,60
Gnocchi di nonna Alice,38,Grains/Cereals,60
Gnocchi di nonna Alice,38,Grains/Cereals,60
Gorgonzola Telino,12.5,Dairy Products,60
Gorgonzola Telino,12.5,Dairy Products,60
Gravad lax,26,Seafood,60
Inlagd Sill,19,Seafood,60
Ipoh Coffee,46,Beverages,60
Konbu,6,Seafood,60
Lakkalik��ri,18,Beverages,60
Louisiana Hot Spiced Okra,17,Condiments,60
Louisiana Hot Spiced Okra,17,Condiments,60
Maxilaku,20,Confections,60
Mozzarella di Giovanni,34.8,Dairy Products,60
Nord-Ost Matjeshering,25.89,Seafood,60
NuNuCa Nu�-Nougat-Creme,14,Confections,60
Original Frankfurter gr�ne So�e,13,Condiments,60
Outback Lager,15,Beverages,60
Pavlova,17.45,Confections,60
P�t� chinois,24,Meat/Poultry,60
P�t� chinois,24,Meat/Poultry,60
Raclette Courdavault,55,Dairy Products,60
Raclette Courdavault,55,Dairy Products,60
R�ssle Sauerkraut,45.6,Produce,60
Sasquatch Ale,14,Beverages,60
Scottish Longbreads,12.5,Confections,60
Sir Rodney's Scones,10,Confections,60
Sir Rodney's Scones,10,Confections,60
Spegesild,12,Seafood,60
Steeleye Stout,18,Beverages,60
Steeleye Stout,18,Beverages,60
Tarte au sucre,49.3,Confections,60
Th�ringer Rostbratwurst,123.79,Meat/Poultry,60
Th�ringer Rostbratwurst,123.79,Meat/Poultry,60
Tourti�re,7.45,Meat/Poultry,60
Tunnbr�d,9,Grains/Cereals,60
Uncle Bob's Organic Dried Pears,30,Produce,60
Uncle Bob's Organic Dried Pears,30,Produce,60
Uncle Bob's Organic Dried Pears,30,Produce,60
Gorgonzola Telino,12.5,Dairy Products,56
Konbu,6,Seafood,56
Pavlova,17.45,Confections,56
Camembert Pierrot,34,Dairy Products,55
Camembert Pierrot,34,Dairy Products,55
Flotemysost,21.5,Dairy Products,55
Gorgonzola Telino,12.5,Dairy Products,55
Inlagd Sill,19,Seafood,55
Original Frankfurter gr�ne So�e,13,Condiments,55
Pavlova,17.45,Confections,55
Scottish Longbreads,12.5,Confections,55
Zaanse koeken,9.5,Confections,55
Chartreuse verte,18,Beverages,54
Gustaf's Kn�ckebr�d,21,Grains/Cereals,52
Alice Mutton,39,Meat/Poultry,50
Aniseed Syrup,10,Condiments,50
Boston Crab Meat,18.4,Seafood,50
Boston Crab Meat,18.4,Seafood,50
Boston Crab Meat,18.4,Seafood,50
Boston Crab Meat,18.4,Seafood,50
Camembert Pierrot,34,Dairy Products,50
Camembert Pierrot,34,Dairy Products,50
Carnarvon Tigers,62.5,Seafood,50
Chai,18,Beverages,50
Chang,19,Beverages,50
Chang,19,Beverages,50
Chang,19,Beverages,50
Chartreuse verte,18,Beverages,50
Chef Anton's Cajun Seasoning,22,Condiments,50
Chef Anton's Cajun Seasoning,22,Condiments,50
Chef Anton's Cajun Seasoning,22,Condiments,50
C�te de Blaye,263.5,Beverages,50
C�te de Blaye,263.5,Beverages,50
Flotemysost,21.5,Dairy Products,50
Flotemysost,21.5,Dairy Products,50
Flotemysost,21.5,Dairy Products,50
Geitost,2.5,Dairy Products,50
Genen Shouyu,15.5,Condiments,50
Gorgonzola Telino,12.5,Dairy Products,50
Gorgonzola Telino,12.5,Dairy Products,50
Gorgonzola Telino,12.5,Dairy Products,50
Gorgonzola Telino,12.5,Dairy Products,50
Grandma's Boysenberry Spread,25,Condiments,50
Gudbrandsdalsost,36,Dairy Products,50
Gudbrandsdalsost,36,Dairy Products,50
Gula Malacca,19.45,Condiments,50
Gumb�r Gummib�rchen,31.23,Confections,50
Inlagd Sill,19,Seafood,50
Lakkalik��ri,18,Beverages,50
Lakkalik��ri,18,Beverages,50
Lakkalik��ri,18,Beverages,50
Longlife Tofu,10,Produce,50
Louisiana Hot Spiced Okra,17,Condiments,50
Manjimup Dried Apples,53,Produce,50
Mascarpone Fabioli,32,Dairy Products,50
Mascarpone Fabioli,32,Dairy Products,50
Mishi Kobe Niku,97,Meat/Poultry,50
Mozzarella di Giovanni,34.8,Dairy Products,50
NuNuCa Nu�-Nougat-Creme,14,Confections,50
Outback Lager,15,Beverages,50
Outback Lager,15,Beverages,50
Pavlova,17.45,Confections,50
Pavlova,17.45,Confections,50
Pavlova,17.45,Confections,50
Perth Pasties,32.8,Meat/Poultry,50
Queso Cabrales,21,Dairy Products,50
Queso Cabrales,21,Dairy Products,50
Queso Cabrales,21,Dairy Products,50
Raclette Courdavault,55,Dairy Products,50
Ravioli Angelo,19.5,Grains/Cereals,50
Rh�nbr�u Klosterbier,7.75,Beverages,50
Rh�nbr�u Klosterbier,7.75,Beverages,50
Rh�nbr�u Klosterbier,7.75,Beverages,50
Rh�nbr�u Klosterbier,7.75,Beverages,50
R�d Kaviar,15,Seafood,50
Schoggi Schokolade,43.9,Confections,50
Schoggi Schokolade,43.9,Confections,50
Singaporean Hokkien Fried Mee,14,Grains/Cereals,50
Sir Rodney's Marmalade,81,Confections,50
Sir Rodney's Scones,10,Confections,50
Tarte au sucre,49.3,Confections,50
Teatime Chocolate Biscuits,9.2,Confections,50
Teatime Chocolate Biscuits,9.2,Confections,50
Th�ringer Rostbratwurst,123.79,Meat/Poultry,50
Tourti�re,7.45,Meat/Poultry,50
Tunnbr�d,9,Grains/Cereals,50
Uncle Bob's Organic Dried Pears,30,Produce,50
Wimmers gute Semmelkn�del,33.25,Grains/Cereals,50
Zaanse koeken,9.5,Confections,50
Aniseed Syrup,10,Condiments,49
Camembert Pierrot,34,Dairy Products,49
C�te de Blaye,263.5,Beverages,49
Escargots de Bourgogne,13.25,Seafood,49
Geitost,2.5,Dairy Products,49
Pavlova,17.45,Confections,49
Rh�nbr�u Klosterbier,7.75,Beverages,49
Gustaf's Kn�ckebr�d,21,Grains/Cereals,48
Manjimup Dried Apples,53,Produce,48
Manjimup Dried Apples,53,Produce,48
Tarte au sucre,49.3,Confections,48
Wimmers gute Semmelkn�del,33.25,Grains/Cereals,48
Alice Mutton,39,Meat/Poultry,45
Camembert Pierrot,34,Dairy Products,45
Chai,18,Beverages,45
Chai,18,Beverages,45
Chang,19,Beverages,45
Chartreuse verte,18,Beverages,45
Gnocchi di nonna Alice,38,Grains/Cereals,45
Gudbrandsdalsost,36,Dairy Products,45
Raclette Courdavault,55,Dairy Products,45
Scottish Longbreads,12.5,Confections,45
Spegesild,12,Seafood,45
Spegesild,12,Seafood,45
Uncle Bob's Organic Dried Pears,30,Produce,45
Uncle Bob's Organic Dried Pears,30,Produce,45
Gorgonzola Telino,12.5,Dairy Products,44
Lakkalik��ri,18,Beverages,44
Manjimup Dried Apples,53,Produce,44
Tunnbr�d,9,Grains/Cereals,44
Alice Mutton,39,Meat/Poultry,42
Boston Crab Meat,18.4,Seafood,42
Chartreuse verte,18,Beverages,42
Gorgonzola Telino,12.5,Dairy Products,42
Jack's New England Clam Chowder,9.65,Seafood,42
Konbu,6,Seafood,42
Lakkalik��ri,18,Beverages,42
Maxilaku,20,Confections,42
Mozzarella di Giovanni,34.8,Dairy Products,42
Raclette Courdavault,55,Dairy Products,42
Raclette Courdavault,55,Dairy Products,42
Rh�nbr�u Klosterbier,7.75,Beverages,42
Rh�nbr�u Klosterbier,7.75,Beverages,42
R�ssle Sauerkraut,45.6,Produce,42
Scottish Longbreads,12.5,Confections,42
Singaporean Hokkien Fried Mee,14,Grains/Cereals,42
Sir Rodney's Scones,10,Confections,42
Teatime Chocolate Biscuits,9.2,Confections,42
Tofu,23.25,Produce,42
Alice Mutton,39,Meat/Poultry,40
Alice Mutton,39,Meat/Poultry,40
Alice Mutton,39,Meat/Poultry,40
Boston Crab Meat,18.4,Seafood,40
Boston Crab Meat,18.4,Seafood,40
Boston Crab Meat,18.4,Seafood,40
Boston Crab Meat,18.4,Seafood,40
Camembert Pierrot,34,Dairy Products,40
Camembert Pierrot,34,Dairy Products,40
Camembert Pierrot,34,Dairy Products,40
Carnarvon Tigers,62.5,Seafood,40
Carnarvon Tigers,62.5,Seafood,40
Chai,18,Beverages,40
Chai,18,Beverages,40
Chai,18,Beverages,40
Chang,19,Beverages,40
Chang,19,Beverages,40
Chang,19,Beverages,40
C�te de Blaye,263.5,Beverages,40
C�te de Blaye,263.5,Beverages,40
Escargots de Bourgogne,13.25,Seafood,40
Filo Mix,7,Grains/Cereals,40
Flotemysost,21.5,Dairy Products,40
Geitost,2.5,Dairy Products,40
Gnocchi di nonna Alice,38,Grains/Cereals,40
Gnocchi di nonna Alice,38,Grains/Cereals,40
Gnocchi di nonna Alice,38,Grains/Cereals,40
Gorgonzola Telino,12.5,Dairy Products,40
Grandma's Boysenberry Spread,25,Condiments,40
Guaran� Fant�stica,4.5,Beverages,40
Gudbrandsdalsost,36,Dairy Products,40
Gula Malacca,19.45,Condiments,40
Gula Malacca,19.45,Condiments,40
Gumb�r Gummib�rchen,31.23,Confections,40
Gumb�r Gummib�rchen,31.23,Confections,40
Gustaf's Kn�ckebr�d,21,Grains/Cereals,40
Gustaf's Kn�ckebr�d,21,Grains/Cereals,40
Inlagd Sill,19,Seafood,40
Inlagd Sill,19,Seafood,40
Inlagd Sill,19,Seafood,40
Inlagd Sill,19,Seafood,40
Ipoh Coffee,46,Beverages,40
Ipoh Coffee,46,Beverages,40
Jack's New England Clam Chowder,9.65,Seafood,40
Konbu,6,Seafood,40
Laughing Lumberjack Lager,14,Beverages,40
Louisiana Fiery Hot Pepper Sauce,21.05,Condiments,40
Louisiana Fiery Hot Pepper Sauce,21.05,Condiments,40
Manjimup Dried Apples,53,Produce,40
Manjimup Dried Apples,53,Produce,40
Mascarpone Fabioli,32,Dairy Products,40
Maxilaku,20,Confections,40
Maxilaku,20,Confections,40
Mozzarella di Giovanni,34.8,Dairy Products,40
Mozzarella di Giovanni,34.8,Dairy Products,40
Mozzarella di Giovanni,34.8,Dairy Products,40
Nord-Ost Matjeshering,25.89,Seafood,40
Northwoods Cranberry Sauce,40,Condiments,40
Original Frankfurter gr�ne So�e,13,Condiments,40
Original Frankfurter gr�ne So�e,13,Condiments,40
Outback Lager,15,Beverages,40
Outback Lager,15,Beverages,40
Pavlova,17.45,Confections,40
Pavlova,17.45,Confections,40
Perth Pasties,32.8,Meat/Poultry,40
P�t� chinois,24,Meat/Poultry,40
P�t� chinois,24,Meat/Poultry,40
Queso Cabrales,21,Dairy Products,40
Queso Cabrales,21,Dairy Products,40
Raclette Courdavault,55,Dairy Products,40
Raclette Courdavault,55,Dairy Products,40
Raclette Courdavault,55,Dairy Products,40
Raclette Courdavault,55,Dairy Products,40
Ravioli Angelo,19.5,Grains/Cereals,40
Rh�nbr�u Klosterbier,7.75,Beverages,40
Rh�nbr�u Klosterbier,7.75,Beverages,40
Rh�nbr�u Klosterbier,7.75,Beverages,40
Rogede sild,9.5,Seafood,40
Rogede sild,9.5,Seafood,40
Sasquatch Ale,14,Beverages,40
Schoggi Schokolade,43.9,Confections,40
Scottish Longbreads,12.5,Confections,40
Scottish Longbreads,12.5,Confections,40
Singaporean Hokkien Fried Mee,14,Grains/Cereals,40
Singaporean Hokkien Fried Mee,14,Grains/Cereals,40
Singaporean Hokkien Fried Mee,14,Grains/Cereals,40
Sir Rodney's Marmalade,81,Confections,40
Sir Rodney's Scones,10,Confections,40
Sir Rodney's Scones,10,Confections,40
Sir Rodney's Scones,10,Confections,40
Sir Rodney's Scones,10,Confections,40
Sir Rodney's Scones,10,Confections,40
Sir Rodney's Scones,10,Confections,40
Sir Rodney's Scones,10,Confections,40
Sir Rodney's Scones,10,Confections,40
Steeleye Stout,18,Beverages,40
Steeleye Stout,18,Beverages,40
Tarte au sucre,49.3,Confections,40
Tarte au sucre,49.3,Confections,40
Tarte au sucre,49.3,Confections,40
Tarte au sucre,49.3,Confections,40
Teatime Chocolate Biscuits,9.2,Confections,40
Th�ringer Rostbratwurst,123.79,Meat/Poultry,40
Tourti�re,7.45,Meat/Poultry,40
Tourti�re,7.45,Meat/Poultry,40
Tunnbr�d,9,Grains/Cereals,40
Tunnbr�d,9,Grains/Cereals,40
Uncle Bob's Organic Dried Pears,30,Produce,40
Valkoinen suklaa,16.25,Confections,40
Valkoinen suklaa,16.25,Confections,40
Vegie-spread,43.9,Condiments,40
Zaanse koeken,9.5,Confections,40
Zaanse koeken,9.5,Confections,40
Louisiana Fiery Hot Pepper Sauce,21.05,Condiments,39
Sir Rodney's Marmalade,81,Confections,39
Alice Mutton,39,Meat/Poultry,36
Camembert Pierrot,34,Dairy Products,36
Gudbrandsdalsost,36,Dairy Products,36
Ikura,31,Seafood,36
Ipoh Coffee,46,Beverages,36
Longlife Tofu,10,Produce,36
Louisiana Fiery Hot Pepper Sauce,21.05,Condiments,36
Nord-Ost Matjeshering,25.89,Seafood,36
Pavlova,17.45,Confections,36
Perth Pasties,32.8,Meat/Poultry,36
Queso Manchego La Pastora,38,Dairy Products,36
Queso Manchego La Pastora,38,Dairy Products,36
Raclette Courdavault,55,Dairy Products,36
Rh�nbr�u Klosterbier,7.75,Beverages,36
Rh�nbr�u Klosterbier,7.75,Beverages,36
Rogede sild,9.5,Seafood,36
Sasquatch Ale,14,Beverages,36
Scottish Longbreads,12.5,Confections,36
Sir Rodney's Scones,10,Confections,36
Th�ringer Rostbratwurst,123.79,Meat/Poultry,36
Th�ringer Rostbratwurst,123.79,Meat/Poultry,36
Alice Mutton,39,Meat/Poultry,35
Camembert Pierrot,34,Dairy Products,35
Camembert Pierrot,34,Dairy Products,35
Camembert Pierrot,34,Dairy Products,35
Carnarvon Tigers,62.5,Seafood,35
Chai,18,Beverages,35
Chang,19,Beverages,35
Chef Anton's Cajun Seasoning,22,Condiments,35
Flotemysost,21.5,Dairy Products,35
Geitost,2.5,Dairy Products,35
Gorgonzola Telino,12.5,Dairy Products,35
Gorgonzola Telino,12.5,Dairy Products,35
Gorgonzola Telino,12.5,Dairy Products,35
Gorgonzola Telino,12.5,Dairy Products,35
Guaran� Fant�stica,4.5,Beverages,35
Guaran� Fant�stica,4.5,Beverages,35
Guaran� Fant�stica,4.5,Beverages,35
Guaran� Fant�stica,4.5,Beverages,35
Gumb�r Gummib�rchen,31.23,Confections,35
Gumb�r Gummib�rchen,31.23,Confections,35
Gustaf's Kn�ckebr�d,21,Grains/Cereals,35
Inlagd Sill,19,Seafood,35
Jack's New England Clam Chowder,9.65,Seafood,35
Jack's New England Clam Chowder,9.65,Seafood,35
Lakkalik��ri,18,Beverages,35
Lakkalik��ri,18,Beverages,35
Lakkalik��ri,18,Beverages,35
Longlife Tofu,10,Produce,35
Louisiana Fiery Hot Pepper Sauce,21.05,Condiments,35
Manjimup Dried Apples,53,Produce,35
Mascarpone Fabioli,32,Dairy Products,35
Maxilaku,20,Confections,35
Mozzarella di Giovanni,34.8,Dairy Products,35
Mozzarella di Giovanni,34.8,Dairy Products,35
Nord-Ost Matjeshering,25.89,Seafood,35
Nord-Ost Matjeshering,25.89,Seafood,35
NuNuCa Nu�-Nougat-Creme,14,Confections,35
Original Frankfurter gr�ne So�e,13,Condiments,35
Original Frankfurter gr�ne So�e,13,Condiments,35
Outback Lager,15,Beverages,35
Pavlova,17.45,Confections,35
Pavlova,17.45,Confections,35
P�t� chinois,24,Meat/Poultry,35
P�t� chinois,24,Meat/Poultry,35
Queso Cabrales,21,Dairy Products,35
Raclette Courdavault,55,Dairy Products,35
Raclette Courdavault,55,Dairy Products,35
R�d Kaviar,15,Seafood,35
R�d Kaviar,15,Seafood,35
R�ssle Sauerkraut,45.6,Produce,35
Sasquatch Ale,14,Beverages,35
Sasquatch Ale,14,Beverages,35
Scottish Longbreads,12.5,Confections,35
Spegesild,12,Seafood,35
Steeleye Stout,18,Beverages,35
Steeleye Stout,18,Beverages,35
Tarte au sucre,49.3,Confections,35
Tarte au sucre,49.3,Confections,35
Tarte au sucre,49.3,Confections,35
Teatime Chocolate Biscuits,9.2,Confections,35
Teatime Chocolate Biscuits,9.2,Confections,35
Th�ringer Rostbratwurst,123.79,Meat/Poultry,35
Tofu,23.25,Produce,35
Tourti�re,7.45,Meat/Poultry,35
Uncle Bob's Organic Dried Pears,30,Produce,35
Uncle Bob's Organic Dried Pears,30,Produce,35
Vegie-spread,43.9,Condiments,35
Vegie-spread,43.9,Condiments,35
Wimmers gute Semmelkn�del,33.25,Grains/Cereals,35
Wimmers gute Semmelkn�del,33.25,Grains/Cereals,35
Wimmers gute Semmelkn�del,33.25,Grains/Cereals,35
Alice Mutton,39,Meat/Poultry,33
Lakkalik��ri,18,Beverages,33
Chef Anton's Gumbo Mix,21.35,Condiments,32
Gorgonzola Telino,12.5,Dairy Products,32
Sir Rodney's Scones,10,Confections,32
Tourti�re,7.45,Meat/Poultry,32
Tunnbr�d,9,Grains/Cereals,32
Alice Mutton,39,Meat/Poultry,30
Alice Mutton,39,Meat/Poultry,30
Aniseed Syrup,10,Condiments,30
Aniseed Syrup,10,Condiments,30
Boston Crab Meat,18.4,Seafood,30
Boston Crab Meat,18.4,Seafood,30
Camembert Pierrot,34,Dairy Products,30
Camembert Pierrot,34,Dairy Products,30
Camembert Pierrot,34,Dairy Products,30
Carnarvon Tigers,62.5,Seafood,30
Carnarvon Tigers,62.5,Seafood,30
Chai,18,Beverages,30
Chang,19,Beverages,30
Chang,19,Beverages,30
Chang,19,Beverages,30
Chartreuse verte,18,Beverages,30
Chartreuse verte,18,Beverages,30
Chef Anton's Cajun Seasoning,22,Condiments,30
Chef Anton's Gumbo Mix,21.35,Condiments,30
Chef Anton's Gumbo Mix,21.35,Condiments,30
C�te de Blaye,263.5,Beverages,30
C�te de Blaye,263.5,Beverages,30
C�te de Blaye,263.5,Beverages,30
C�te de Blaye,263.5,Beverages,30
Escargots de Bourgogne,13.25,Seafood,30
Escargots de Bourgogne,13.25,Seafood,30
Escargots de Bourgogne,13.25,Seafood,30
Escargots de Bourgogne,13.25,Seafood,30
Escargots de Bourgogne,13.25,Seafood,30
Escargots de Bourgogne,13.25,Seafood,30
Escargots de Bourgogne,13.25,Seafood,30
Filo Mix,7,Grains/Cereals,30
Flotemysost,21.5,Dairy Products,30
Flotemysost,21.5,Dairy Products,30
Flotemysost,21.5,Dairy Products,30
Flotemysost,21.5,Dairy Products,30
Flotemysost,21.5,Dairy Products,30
Flotemysost,21.5,Dairy Products,30
Flotemysost,21.5,Dairy Products,30
Geitost,2.5,Dairy Products,30
Geitost,2.5,Dairy Products,30
Geitost,2.5,Dairy Products,30
Geitost,2.5,Dairy Products,30
Geitost,2.5,Dairy Products,30
Gnocchi di nonna Alice,38,Grains/Cereals,30
Gnocchi di nonna Alice,38,Grains/Cereals,30
Gnocchi di nonna Alice,38,Grains/Cereals,30
Gnocchi di nonna Alice,38,Grains/Cereals,30
Gnocchi di nonna Alice,38,Grains/Cereals,30
Gnocchi di nonna Alice,38,Grains/Cereals,30
Gnocchi di nonna Alice,38,Grains/Cereals,30
Gnocchi di nonna Alice,38,Grains/Cereals,30
Gorgonzola Telino,12.5,Dairy Products,30
Gorgonzola Telino,12.5,Dairy Products,30
Gorgonzola Telino,12.5,Dairy Products,30
Gorgonzola Telino,12.5,Dairy Products,30
Grandma's Boysenberry Spread,25,Condiments,30
Grandma's Boysenberry Spread,25,Condiments,30
Guaran� Fant�stica,4.5,Beverages,30
Guaran� Fant�stica,4.5,Beverages,30
Guaran� Fant�stica,4.5,Beverages,30
Gudbrandsdalsost,36,Dairy Products,30
Gudbrandsdalsost,36,Dairy Products,30
Gudbrandsdalsost,36,Dairy Products,30
Gudbrandsdalsost,36,Dairy Products,30
Gumb�r Gummib�rchen,31.23,Confections,30
Gumb�r Gummib�rchen,31.23,Confections,30
Gumb�r Gummib�rchen,31.23,Confections,30
Gumb�r Gummib�rchen,31.23,Confections,30
Gumb�r Gummib�rchen,31.23,Confections,30
Gumb�r Gummib�rchen,31.23,Confections,30
Ikura,31,Seafood,30
Ikura,31,Seafood,30
Inlagd Sill,19,Seafood,30
Inlagd Sill,19,Seafood,30
Inlagd Sill,19,Seafood,30
Inlagd Sill,19,Seafood,30
Inlagd Sill,19,Seafood,30
Inlagd Sill,19,Seafood,30
Ipoh Coffee,46,Beverages,30
Ipoh Coffee,46,Beverages,30
Ipoh Coffee,46,Beverages,30
Jack's New England Clam Chowder,9.65,Seafood,30
Jack's New England Clam Chowder,9.65,Seafood,30
Jack's New England Clam Chowder,9.65,Seafood,30
Jack's New England Clam Chowder,9.65,Seafood,30
Konbu,6,Seafood,30
Lakkalik��ri,18,Beverages,30
Lakkalik��ri,18,Beverages,30
Laughing Lumberjack Lager,14,Beverages,30
Longlife Tofu,10,Produce,30
Louisiana Fiery Hot Pepper Sauce,21.05,Condiments,30
Louisiana Fiery Hot Pepper Sauce,21.05,Condiments,30
Louisiana Hot Spiced Okra,17,Condiments,30
Manjimup Dried Apples,53,Produce,30
Manjimup Dried Apples,53,Produce,30
Maxilaku,20,Confections,30
Maxilaku,20,Confections,30
Maxilaku,20,Confections,30
Mozzarella di Giovanni,34.8,Dairy Products,30
Mozzarella di Giovanni,34.8,Dairy Products,30
Nord-Ost Matjeshering,25.89,Seafood,30
Nord-Ost Matjeshering,25.89,Seafood,30
Nord-Ost Matjeshering,25.89,Seafood,30
Northwoods Cranberry Sauce,40,Condiments,30
Northwoods Cranberry Sauce,40,Condiments,30
Northwoods Cranberry Sauce,40,Condiments,30
Original Frankfurter gr�ne So�e,13,Condiments,30
Original Frankfurter gr�ne So�e,13,Condiments,30
Original Frankfurter gr�ne So�e,13,Condiments,30
Outback Lager,15,Beverages,30
Outback Lager,15,Beverages,30
Outback Lager,15,Beverages,30
Outback Lager,15,Beverages,30
Outback Lager,15,Beverages,30
Outback Lager,15,Beverages,30
Outback Lager,15,Beverages,30
Outback Lager,15,Beverages,30
Pavlova,17.45,Confections,30
Pavlova,17.45,Confections,30
Pavlova,17.45,Confections,30
Pavlova,17.45,Confections,30
Pavlova,17.45,Confections,30
Pavlova,17.45,Confections,30
Pavlova,17.45,Confections,30
P�t� chinois,24,Meat/Poultry,30
P�t� chinois,24,Meat/Poultry,30
Queso Cabrales,21,Dairy Products,30
Queso Cabrales,21,Dairy Products,30
Queso Cabrales,21,Dairy Products,30
Queso Manchego La Pastora,38,Dairy Products,30
Queso Manchego La Pastora,38,Dairy Products,30
Raclette Courdavault,55,Dairy Products,30
Raclette Courdavault,55,Dairy Products,30
Raclette Courdavault,55,Dairy Products,30
Raclette Courdavault,55,Dairy Products,30
Raclette Courdavault,55,Dairy Products,30
Raclette Courdavault,55,Dairy Products,30
Ravioli Angelo,19.5,Grains/Cereals,30
Rh�nbr�u Klosterbier,7.75,Beverages,30
Rh�nbr�u Klosterbier,7.75,Beverages,30
Rh�nbr�u Klosterbier,7.75,Beverages,30
Rh�nbr�u Klosterbier,7.75,Beverages,30
Rh�nbr�u Klosterbier,7.75,Beverages,30
Rogede sild,9.5,Seafood,30
Rogede sild,9.5,Seafood,30
R�d Kaviar,15,Seafood,30
R�ssle Sauerkraut,45.6,Produce,30
R�ssle Sauerkraut,45.6,Produce,30
R�ssle Sauerkraut,45.6,Produce,30
Sasquatch Ale,14,Beverages,30
Sasquatch Ale,14,Beverages,30
Schoggi Schokolade,43.9,Confections,30
Scottish Longbreads,12.5,Confections,30
Scottish Longbreads,12.5,Confections,30
Singaporean Hokkien Fried Mee,14,Grains/Cereals,30
Singaporean Hokkien Fried Mee,14,Grains/Cereals,30
Singaporean Hokkien Fried Mee,14,Grains/Cereals,30
Sir Rodney's Scones,10,Confections,30
Sir Rodney's Scones,10,Confections,30
Sir Rodney's Scones,10,Confections,30
Sirop d'�rable,28.5,Condiments,30
Sirop d'�rable,28.5,Condiments,30
Sirop d'�rable,28.5,Condiments,30
Spegesild,12,Seafood,30
Spegesild,12,Seafood,30
Steeleye Stout,18,Beverages,30
Steeleye Stout,18,Beverages,30
Steeleye Stout,18,Beverages,30
Steeleye Stout,18,Beverages,30
Steeleye Stout,18,Beverages,30
Tarte au sucre,49.3,Confections,30
Tarte au sucre,49.3,Confections,30
Teatime Chocolate Biscuits,9.2,Confections,30
Teatime Chocolate Biscuits,9.2,Confections,30
Tofu,23.25,Produce,30
Tofu,23.25,Produce,30
Tourti�re,7.45,Meat/Poultry,30
Tourti�re,7.45,Meat/Poultry,30
Tunnbr�d,9,Grains/Cereals,30
Uncle Bob's Organic Dried Pears,30,Produce,30
Vegie-spread,43.9,Condiments,30
Vegie-spread,43.9,Condiments,30
Wimmers gute Semmelkn�del,33.25,Grains/Cereals,30
Wimmers gute Semmelkn�del,33.25,Grains/Cereals,30
Wimmers gute Semmelkn�del,33.25,Grains/Cereals,30
Wimmers gute Semmelkn�del,33.25,Grains/Cereals,30
Wimmers gute Semmelkn�del,33.25,Grains/Cereals,30
Wimmers gute Semmelkn�del,33.25,Grains/Cereals,30
Zaanse koeken,9.5,Confections,30
Zaanse koeken,9.5,Confections,30
Zaanse koeken,9.5,Confections,30
Zaanse koeken,9.5,Confections,30
Zaanse koeken,9.5,Confections,30
Chartreuse verte,18,Beverages,28
Gnocchi di nonna Alice,38,Grains/Cereals,28
Gnocchi di nonna Alice,38,Grains/Cereals,28
Gnocchi di nonna Alice,38,Grains/Cereals,28
Gravad lax,26,Seafood,28
Guaran� Fant�stica,4.5,Beverages,28
Guaran� Fant�stica,4.5,Beverages,28
Gula Malacca,19.45,Condiments,28
Jack's New England Clam Chowder,9.65,Seafood,28
Konbu,6,Seafood,28
Louisiana Fiery Hot Pepper Sauce,21.05,Condiments,28
Manjimup Dried Apples,53,Produce,28
Manjimup Dried Apples,53,Produce,28
Maxilaku,20,Confections,28
Nord-Ost Matjeshering,25.89,Seafood,28
Original Frankfurter gr�ne So�e,13,Condiments,28
Outback Lager,15,Beverages,28
Pavlova,17.45,Confections,28
Perth Pasties,32.8,Meat/Poultry,28
Ravioli Angelo,19.5,Grains/Cereals,28
R�ssle Sauerkraut,45.6,Produce,28
Singaporean Hokkien Fried Mee,14,Grains/Cereals,28
Singaporean Hokkien Fried Mee,14,Grains/Cereals,28
Sir Rodney's Marmalade,81,Confections,28
Spegesild,12,Seafood,28
Spegesild,12,Seafood,28
Tarte au sucre,49.3,Confections,28
Tourti�re,7.45,Meat/Poultry,28
Wimmers gute Semmelkn�del,33.25,Grains/Cereals,28
Alice Mutton,39,Meat/Poultry,27
Rogede sild,9.5,Seafood,27
Alice Mutton,39,Meat/Poultry,25
Aniseed Syrup,10,Condiments,25
Boston Crab Meat,18.4,Seafood,25
Boston Crab Meat,18.4,Seafood,25
Camembert Pierrot,34,Dairy Products,25
Carnarvon Tigers,62.5,Seafood,25
Carnarvon Tigers,62.5,Seafood,25
Carnarvon Tigers,62.5,Seafood,25
Carnarvon Tigers,62.5,Seafood,25
Chai,18,Beverages,25
Chai,18,Beverages,25
Chang,19,Beverages,25
Chang,19,Beverages,25
Chef Anton's Cajun Seasoning,22,Condiments,25
Chef Anton's Cajun Seasoning,22,Condiments,25
Chef Anton's Cajun Seasoning,22,Condiments,25
C�te de Blaye,263.5,Beverages,25
Filo Mix,7,Grains/Cereals,25
Flotemysost,21.5,Dairy Products,25
Geitost,2.5,Dairy Products,25
Genen Shouyu,15.5,Condiments,25
Gorgonzola Telino,12.5,Dairy Products,25
Gorgonzola Telino,12.5,Dairy Products,25
Guaran� Fant�stica,4.5,Beverages,25
Guaran� Fant�stica,4.5,Beverages,25
Guaran� Fant�stica,4.5,Beverages,25
Guaran� Fant�stica,4.5,Beverages,25
Gudbrandsdalsost,36,Dairy Products,25
Gudbrandsdalsost,36,Dairy Products,25
Gustaf's Kn�ckebr�d,21,Grains/Cereals,25
Ikura,31,Seafood,25
Inlagd Sill,19,Seafood,25
Inlagd Sill,19,Seafood,25
Inlagd Sill,19,Seafood,25
Ipoh Coffee,46,Beverages,25
Ipoh Coffee,46,Beverages,25
Jack's New England Clam Chowder,9.65,Seafood,25
Jack's New England Clam Chowder,9.65,Seafood,25
Laughing Lumberjack Lager,14,Beverages,25
Manjimup Dried Apples,53,Produce,25
Maxilaku,20,Confections,25
Maxilaku,20,Confections,25
Mozzarella di Giovanni,34.8,Dairy Products,25
Mozzarella di Giovanni,34.8,Dairy Products,25
Mozzarella di Giovanni,34.8,Dairy Products,25
Nord-Ost Matjeshering,25.89,Seafood,25
Original Frankfurter gr�ne So�e,13,Condiments,25
Original Frankfurter gr�ne So�e,13,Condiments,25
Outback Lager,15,Beverages,25
Perth Pasties,32.8,Meat/Poultry,25
Perth Pasties,32.8,Meat/Poultry,25
Perth Pasties,32.8,Meat/Poultry,25
P�t� chinois,24,Meat/Poultry,25
P�t� chinois,24,Meat/Poultry,25
Queso Cabrales,21,Dairy Products,25
Raclette Courdavault,55,Dairy Products,25
Raclette Courdavault,55,Dairy Products,25
Raclette Courdavault,55,Dairy Products,25
Raclette Courdavault,55,Dairy Products,25
Ravioli Angelo,19.5,Grains/Cereals,25
Ravioli Angelo,19.5,Grains/Cereals,25
Rh�nbr�u Klosterbier,7.75,Beverages,25
R�d Kaviar,15,Seafood,25
Schoggi Schokolade,43.9,Confections,25
Schoggi Schokolade,43.9,Confections,25
Singaporean Hokkien Fried Mee,14,Grains/Cereals,25
Sir Rodney's Scones,10,Confections,25
Sirop d'�rable,28.5,Condiments,25
Sirop d'�rable,28.5,Condiments,25
Spegesild,12,Seafood,25
Steeleye Stout,18,Beverages,25
Tarte au sucre,49.3,Confections,25
Tarte au sucre,49.3,Confections,25
Teatime Chocolate Biscuits,9.2,Confections,25
Th�ringer Rostbratwurst,123.79,Meat/Poultry,25
Tunnbr�d,9,Grains/Cereals,25
Valkoinen suklaa,16.25,Confections,25
Valkoinen suklaa,16.25,Confections,25
Wimmers gute Semmelkn�del,33.25,Grains/Cereals,25
Zaanse koeken,9.5,Confections,25
Boston Crab Meat,18.4,Seafood,24
Camembert Pierrot,34,Dairy Products,24
Camembert Pierrot,34,Dairy Products,24
Carnarvon Tigers,62.5,Seafood,24
Chai,18,Beverages,24
Chang,19,Beverages,24
Chang,19,Beverages,24
Chef Anton's Cajun Seasoning,22,Condiments,24
Chocolade,12.75,Confections,24
Filo Mix,7,Grains/Cereals,24
Geitost,2.5,Dairy Products,24
Gnocchi di nonna Alice,38,Grains/Cereals,24
Gorgonzola Telino,12.5,Dairy Products,24
Gudbrandsdalsost,36,Dairy Products,24
Gula Malacca,19.45,Condiments,24
Gula Malacca,19.45,Condiments,24
Gumb�r Gummib�rchen,31.23,Confections,24
Gustaf's Kn�ckebr�d,21,Grains/Cereals,24
Ikura,31,Seafood,24
Ikura,31,Seafood,24
Ikura,31,Seafood,24
Ipoh Coffee,46,Beverages,24
Ipoh Coffee,46,Beverages,24
Ipoh Coffee,46,Beverages,24
Jack's New England Clam Chowder,9.65,Seafood,24
Jack's New England Clam Chowder,9.65,Seafood,24
Laughing Lumberjack Lager,14,Beverages,24
Louisiana Hot Spiced Okra,17,Condiments,24
Manjimup Dried Apples,53,Produce,24
Mascarpone Fabioli,32,Dairy Products,24
Maxilaku,20,Confections,24
Mozzarella di Giovanni,34.8,Dairy Products,24
Mozzarella di Giovanni,34.8,Dairy Products,24
Mozzarella di Giovanni,34.8,Dairy Products,24
Mozzarella di Giovanni,34.8,Dairy Products,24
Northwoods Cranberry Sauce,40,Condiments,24
NuNuCa Nu�-Nougat-Creme,14,Confections,24
Pavlova,17.45,Confections,24
Queso Cabrales,21,Dairy Products,24
Raclette Courdavault,55,Dairy Products,24
Ravioli Angelo,19.5,Grains/Cereals,24
Rh�nbr�u Klosterbier,7.75,Beverages,24
R�d Kaviar,15,Seafood,24
R�ssle Sauerkraut,45.6,Produce,24
Scottish Longbreads,12.5,Confections,24
Singaporean Hokkien Fried Mee,14,Grains/Cereals,24
Spegesild,12,Seafood,24
Steeleye Stout,18,Beverages,24
Teatime Chocolate Biscuits,9.2,Confections,24
Th�ringer Rostbratwurst,123.79,Meat/Poultry,24
Th�ringer Rostbratwurst,123.79,Meat/Poultry,24
Tourti�re,7.45,Meat/Poultry,24
Tourti�re,7.45,Meat/Poultry,24
Tourti�re,7.45,Meat/Poultry,24
Tourti�re,7.45,Meat/Poultry,24
Valkoinen suklaa,16.25,Confections,24
Vegie-spread,43.9,Condiments,24
Wimmers gute Semmelkn�del,33.25,Grains/Cereals,24
Valkoinen suklaa,16.25,Confections,22
Boston Crab Meat,18.4,Seafood,21
Camembert Pierrot,34,Dairy Products,21
Camembert Pierrot,34,Dairy Products,21
Camembert Pierrot,34,Dairy Products,21
Carnarvon Tigers,62.5,Seafood,21
Chai,18,Beverages,21
Chang,19,Beverages,21
Chartreuse verte,18,Beverages,21
Chartreuse verte,18,Beverages,21
Chef Anton's Cajun Seasoning,22,Condiments,21
Flotemysost,21.5,Dairy Products,21
Gnocchi di nonna Alice,38,Grains/Cereals,21
Guaran� Fant�stica,4.5,Beverages,21
Gula Malacca,19.45,Condiments,21
Gula Malacca,19.45,Condiments,21
Gula Malacca,19.45,Condiments,21
Gumb�r Gummib�rchen,31.23,Confections,21
Gustaf's Kn�ckebr�d,21,Grains/Cereals,21
Ikura,31,Seafood,21
Inlagd Sill,19,Seafood,21
Lakkalik��ri,18,Beverages,21
Longlife Tofu,10,Produce,21
Louisiana Fiery Hot Pepper Sauce,21.05,Condiments,21
Louisiana Fiery Hot Pepper Sauce,21.05,Condiments,21
Louisiana Fiery Hot Pepper Sauce,21.05,Condiments,21
Louisiana Fiery Hot Pepper Sauce,21.05,Condiments,21
Maxilaku,20,Confections,21
Mozzarella di Giovanni,34.8,Dairy Products,21
Mozzarella di Giovanni,34.8,Dairy Products,21
Original Frankfurter gr�ne So�e,13,Condiments,21
Outback Lager,15,Beverages,21
Pavlova,17.45,Confections,21
Pavlova,17.45,Confections,21
P�t� chinois,24,Meat/Poultry,21
P�t� chinois,24,Meat/Poultry,21
Rh�nbr�u Klosterbier,7.75,Beverages,21
Rogede sild,9.5,Seafood,21
Scottish Longbreads,12.5,Confections,21
Sir Rodney's Marmalade,81,Confections,21
Sir Rodney's Marmalade,81,Confections,21
Sir Rodney's Scones,10,Confections,21
Spegesild,12,Seafood,21
Spegesild,12,Seafood,21
Steeleye Stout,18,Beverages,21
Tarte au sucre,49.3,Confections,21
Teatime Chocolate Biscuits,9.2,Confections,21
Th�ringer Rostbratwurst,123.79,Meat/Poultry,21
Tofu,23.25,Produce,21
Tunnbr�d,9,Grains/Cereals,21
Zaanse koeken,9.5,Confections,21
Alice Mutton,39,Meat/Poultry,20
Alice Mutton,39,Meat/Poultry,20
Alice Mutton,39,Meat/Poultry,20
Aniseed Syrup,10,Condiments,20
Aniseed Syrup,10,Condiments,20
Aniseed Syrup,10,Condiments,20
Boston Crab Meat,18.4,Seafood,20
Boston Crab Meat,18.4,Seafood,20
Boston Crab Meat,18.4,Seafood,20
Boston Crab Meat,18.4,Seafood,20
Camembert Pierrot,34,Dairy Products,20
Camembert Pierrot,34,Dairy Products,20
Camembert Pierrot,34,Dairy Products,20
Camembert Pierrot,34,Dairy Products,20
Camembert Pierrot,34,Dairy Products,20
Carnarvon Tigers,62.5,Seafood,20
Carnarvon Tigers,62.5,Seafood,20
Carnarvon Tigers,62.5,Seafood,20
Chai,18,Beverages,20
Chai,18,Beverages,20
Chai,18,Beverages,20
Chai,18,Beverages,20
Chang,19,Beverages,20
Chang,19,Beverages,20
Chang,19,Beverages,20
Chang,19,Beverages,20
Chang,19,Beverages,20
Chang,19,Beverages,20
Chang,19,Beverages,20
Chang,19,Beverages,20
Chartreuse verte,18,Beverages,20
Chartreuse verte,18,Beverages,20
Chartreuse verte,18,Beverages,20
Chartreuse verte,18,Beverages,20
Chartreuse verte,18,Beverages,20
Chartreuse verte,18,Beverages,20
Chef Anton's Cajun Seasoning,22,Condiments,20
Chef Anton's Cajun Seasoning,22,Condiments,20
Chef Anton's Gumbo Mix,21.35,Condiments,20
Chef Anton's Gumbo Mix,21.35,Condiments,20
C�te de Blaye,263.5,Beverages,20
C�te de Blaye,263.5,Beverages,20
Escargots de Bourgogne,13.25,Seafood,20
Filo Mix,7,Grains/Cereals,20
Filo Mix,7,Grains/Cereals,20
Filo Mix,7,Grains/Cereals,20
Filo Mix,7,Grains/Cereals,20
Filo Mix,7,Grains/Cereals,20
Flotemysost,21.5,Dairy Products,20
Flotemysost,21.5,Dairy Products,20
Flotemysost,21.5,Dairy Products,20
Flotemysost,21.5,Dairy Products,20
Geitost,2.5,Dairy Products,20
Geitost,2.5,Dairy Products,20
Geitost,2.5,Dairy Products,20
Geitost,2.5,Dairy Products,20
Geitost,2.5,Dairy Products,20
Genen Shouyu,15.5,Condiments,20
Gnocchi di nonna Alice,38,Grains/Cereals,20
Gnocchi di nonna Alice,38,Grains/Cereals,20
Gnocchi di nonna Alice,38,Grains/Cereals,20
Gnocchi di nonna Alice,38,Grains/Cereals,20
Gnocchi di nonna Alice,38,Grains/Cereals,20
Gnocchi di nonna Alice,38,Grains/Cereals,20
Gnocchi di nonna Alice,38,Grains/Cereals,20
Gnocchi di nonna Alice,38,Grains/Cereals,20
Gnocchi di nonna Alice,38,Grains/Cereals,20
Gnocchi di nonna Alice,38,Grains/Cereals,20
Gorgonzola Telino,12.5,Dairy Products,20
Gorgonzola Telino,12.5,Dairy Products,20
Gorgonzola Telino,12.5,Dairy Products,20
Gorgonzola Telino,12.5,Dairy Products,20
Gorgonzola Telino,12.5,Dairy Products,20
Gorgonzola Telino,12.5,Dairy Products,20
Gorgonzola Telino,12.5,Dairy Products,20
Gorgonzola Telino,12.5,Dairy Products,20
Gorgonzola Telino,12.5,Dairy Products,20
Grandma's Boysenberry Spread,25,Condiments,20
Grandma's Boysenberry Spread,25,Condiments,20
Guaran� Fant�stica,4.5,Beverages,20
Guaran� Fant�stica,4.5,Beverages,20
Guaran� Fant�stica,4.5,Beverages,20
Guaran� Fant�stica,4.5,Beverages,20
Guaran� Fant�stica,4.5,Beverages,20
Guaran� Fant�stica,4.5,Beverages,20
Gudbrandsdalsost,36,Dairy Products,20
Gudbrandsdalsost,36,Dairy Products,20
Gudbrandsdalsost,36,Dairy Products,20
Gudbrandsdalsost,36,Dairy Products,20
Gudbrandsdalsost,36,Dairy Products,20
Gumb�r Gummib�rchen,31.23,Confections,20
Gumb�r Gummib�rchen,31.23,Confections,20
Gustaf's Kn�ckebr�d,21,Grains/Cereals,20
Ikura,31,Seafood,20
Ikura,31,Seafood,20
Ikura,31,Seafood,20
Ikura,31,Seafood,20
Inlagd Sill,19,Seafood,20
Inlagd Sill,19,Seafood,20
Inlagd Sill,19,Seafood,20
Inlagd Sill,19,Seafood,20
Ipoh Coffee,46,Beverages,20
Ipoh Coffee,46,Beverages,20
Ipoh Coffee,46,Beverages,20
Ipoh Coffee,46,Beverages,20
Jack's New England Clam Chowder,9.65,Seafood,20
Jack's New England Clam Chowder,9.65,Seafood,20
Jack's New England Clam Chowder,9.65,Seafood,20
Jack's New England Clam Chowder,9.65,Seafood,20
Jack's New England Clam Chowder,9.65,Seafood,20
Jack's New England Clam Chowder,9.65,Seafood,20
Jack's New England Clam Chowder,9.65,Seafood,20
Konbu,6,Seafood,20
Konbu,6,Seafood,20
Konbu,6,Seafood,20
Konbu,6,Seafood,20
Konbu,6,Seafood,20
Konbu,6,Seafood,20
Konbu,6,Seafood,20
Lakkalik��ri,18,Beverages,20
Lakkalik��ri,18,Beverages,20
Lakkalik��ri,18,Beverages,20
Lakkalik��ri,18,Beverages,20
Lakkalik��ri,18,Beverages,20
Laughing Lumberjack Lager,14,Beverages,20
Longlife Tofu,10,Produce,20
Longlife Tofu,10,Produce,20
Longlife Tofu,10,Produce,20
Louisiana Fiery Hot Pepper Sauce,21.05,Condiments,20
Louisiana Fiery Hot Pepper Sauce,21.05,Condiments,20
Louisiana Fiery Hot Pepper Sauce,21.05,Condiments,20
Louisiana Fiery Hot Pepper Sauce,21.05,Condiments,20
Manjimup Dried Apples,53,Produce,20
Manjimup Dried Apples,53,Produce,20
Manjimup Dried Apples,53,Produce,20
Manjimup Dried Apples,53,Produce,20
Manjimup Dried Apples,53,Produce,20
Manjimup Dried Apples,53,Produce,20
Manjimup Dried Apples,53,Produce,20
Mascarpone Fabioli,32,Dairy Products,20
Mascarpone Fabioli,32,Dairy Products,20
Maxilaku,20,Confections,20
Mishi Kobe Niku,97,Meat/Poultry,20
Mozzarella di Giovanni,34.8,Dairy Products,20
Mozzarella di Giovanni,34.8,Dairy Products,20
Mozzarella di Giovanni,34.8,Dairy Products,20
Nord-Ost Matjeshering,25.89,Seafood,20
Nord-Ost Matjeshering,25.89,Seafood,20
Nord-Ost Matjeshering,25.89,Seafood,20
Northwoods Cranberry Sauce,40,Condiments,20
Northwoods Cranberry Sauce,40,Condiments,20
NuNuCa Nu�-Nougat-Creme,14,Confections,20
Original Frankfurter gr�ne So�e,13,Condiments,20
Original Frankfurter gr�ne So�e,13,Condiments,20
Outback Lager,15,Beverages,20
Outback Lager,15,Beverages,20
Outback Lager,15,Beverages,20
Outback Lager,15,Beverages,20
Pavlova,17.45,Confections,20
Pavlova,17.45,Confections,20
Pavlova,17.45,Confections,20
Pavlova,17.45,Confections,20
Perth Pasties,32.8,Meat/Poultry,20
Perth Pasties,32.8,Meat/Poultry,20
Perth Pasties,32.8,Meat/Poultry,20
Perth Pasties,32.8,Meat/Poultry,20
P�t� chinois,24,Meat/Poultry,20
P�t� chinois,24,Meat/Poultry,20
Queso Cabrales,21,Dairy Products,20
Queso Cabrales,21,Dairy Products,20
Queso Manchego La Pastora,38,Dairy Products,20
Queso Manchego La Pastora,38,Dairy Products,20
Queso Manchego La Pastora,38,Dairy Products,20
Raclette Courdavault,55,Dairy Products,20
Raclette Courdavault,55,Dairy Products,20
Ravioli Angelo,19.5,Grains/Cereals,20
Ravioli Angelo,19.5,Grains/Cereals,20
Ravioli Angelo,19.5,Grains/Cereals,20
Ravioli Angelo,19.5,Grains/Cereals,20
Rh�nbr�u Klosterbier,7.75,Beverages,20
Rh�nbr�u Klosterbier,7.75,Beverages,20
Rh�nbr�u Klosterbier,7.75,Beverages,20
Rh�nbr�u Klosterbier,7.75,Beverages,20
Rh�nbr�u Klosterbier,7.75,Beverages,20
Rh�nbr�u Klosterbier,7.75,Beverages,20
Rogede sild,9.5,Seafood,20
Rogede sild,9.5,Seafood,20
R�d Kaviar,15,Seafood,20
R�d Kaviar,15,Seafood,20
R�ssle Sauerkraut,45.6,Produce,20
R�ssle Sauerkraut,45.6,Produce,20
R�ssle Sauerkraut,45.6,Produce,20
R�ssle Sauerkraut,45.6,Produce,20
R�ssle Sauerkraut,45.6,Produce,20
R�ssle Sauerkraut,45.6,Produce,20
R�ssle Sauerkraut,45.6,Produce,20
Sasquatch Ale,14,Beverages,20
Sasquatch Ale,14,Beverages,20
Sasquatch Ale,14,Beverages,20
Scottish Longbreads,12.5,Confections,20
Scottish Longbreads,12.5,Confections,20
Scottish Longbreads,12.5,Confections,20
Scottish Longbreads,12.5,Confections,20
Scottish Longbreads,12.5,Confections,20
Singaporean Hokkien Fried Mee,14,Grains/Cereals,20
Singaporean Hokkien Fried Mee,14,Grains/Cereals,20
Singaporean Hokkien Fried Mee,14,Grains/Cereals,20
Singaporean Hokkien Fried Mee,14,Grains/Cereals,20
Singaporean Hokkien Fried Mee,14,Grains/Cereals,20
Sir Rodney's Marmalade,81,Confections,20
Sir Rodney's Marmalade,81,Confections,20
Sir Rodney's Scones,10,Confections,20
Sir Rodney's Scones,10,Confections,20
Sir Rodney's Scones,10,Confections,20
Sirop d'�rable,28.5,Condiments,20
Sirop d'�rable,28.5,Condiments,20
Sirop d'�rable,28.5,Condiments,20
Sirop d'�rable,28.5,Condiments,20
Spegesild,12,Seafood,20
Spegesild,12,Seafood,20
Spegesild,12,Seafood,20
Steeleye Stout,18,Beverages,20
Steeleye Stout,18,Beverages,20
Steeleye Stout,18,Beverages,20
Steeleye Stout,18,Beverages,20
Steeleye Stout,18,Beverages,20
Tarte au sucre,49.3,Confections,20
Tarte au sucre,49.3,Confections,20
Tarte au sucre,49.3,Confections,20
Tarte au sucre,49.3,Confections,20
Tarte au sucre,49.3,Confections,20
Tarte au sucre,49.3,Confections,20
Teatime Chocolate Biscuits,9.2,Confections,20
Th�ringer Rostbratwurst,123.79,Meat/Poultry,20
Th�ringer Rostbratwurst,123.79,Meat/Poultry,20
Th�ringer Rostbratwurst,123.79,Meat/Poultry,20
Th�ringer Rostbratwurst,123.79,Meat/Poultry,20
Tofu,23.25,Produce,20
Tofu,23.25,Produce,20
Tourti�re,7.45,Meat/Poultry,20
Tourti�re,7.45,Meat/Poultry,20
Tourti�re,7.45,Meat/Poultry,20
Tunnbr�d,9,Grains/Cereals,20
Uncle Bob's Organic Dried Pears,30,Produce,20
Uncle Bob's Organic Dried Pears,30,Produce,20
Uncle Bob's Organic Dried Pears,30,Produce,20
Uncle Bob's Organic Dried Pears,30,Produce,20
Valkoinen suklaa,16.25,Confections,20
Vegie-spread,43.9,Condiments,20
Vegie-spread,43.9,Condiments,20
Wimmers gute Semmelkn�del,33.25,Grains/Cereals,20
Wimmers gute Semmelkn�del,33.25,Grains/Cereals,20
Alice Mutton,39,Meat/Poultry,18
Carnarvon Tigers,62.5,Seafood,18
Chai,18,Beverages,18
Chef Anton's Cajun Seasoning,22,Condiments,18
Filo Mix,7,Grains/Cereals,18
Gnocchi di nonna Alice,38,Grains/Cereals,18
Gnocchi di nonna Alice,38,Grains/Cereals,18
Gnocchi di nonna Alice,38,Grains/Cereals,18
Gravad lax,26,Seafood,18
Guaran� Fant�stica,4.5,Beverages,18
Gudbrandsdalsost,36,Dairy Products,18
Gudbrandsdalsost,36,Dairy Products,18
Gula Malacca,19.45,Condiments,18
Gumb�r Gummib�rchen,31.23,Confections,18
Ikura,31,Seafood,18
Ikura,31,Seafood,18
Ikura,31,Seafood,18
Inlagd Sill,19,Seafood,18
Konbu,6,Seafood,18
Lakkalik��ri,18,Beverages,18
Manjimup Dried Apples,53,Produce,18
Manjimup Dried Apples,53,Produce,18
Maxilaku,20,Confections,18
Nord-Ost Matjeshering,25.89,Seafood,18
Nord-Ost Matjeshering,25.89,Seafood,18
NuNuCa Nu�-Nougat-Creme,14,Confections,18
Original Frankfurter gr�ne So�e,13,Condiments,18
Original Frankfurter gr�ne So�e,13,Condiments,18
Pavlova,17.45,Confections,18
Perth Pasties,32.8,Meat/Poultry,18
P�t� chinois,24,Meat/Poultry,18
Raclette Courdavault,55,Dairy Products,18
Rh�nbr�u Klosterbier,7.75,Beverages,18
R�ssle Sauerkraut,45.6,Produce,18
Scottish Longbreads,12.5,Confections,18
Scottish Longbreads,12.5,Confections,18
Scottish Longbreads,12.5,Confections,18
Spegesild,12,Seafood,18
Steeleye Stout,18,Beverages,18
Teatime Chocolate Biscuits,9.2,Confections,18
Teatime Chocolate Biscuits,9.2,Confections,18
Th�ringer Rostbratwurst,123.79,Meat/Poultry,18
Th�ringer Rostbratwurst,123.79,Meat/Poultry,18
Tourti�re,7.45,Meat/Poultry,18
Tunnbr�d,9,Grains/Cereals,18
Uncle Bob's Organic Dried Pears,30,Produce,18
Wimmers gute Semmelkn�del,33.25,Grains/Cereals,18
Alice Mutton,39,Meat/Poultry,16
Alice Mutton,39,Meat/Poultry,16
Chartreuse verte,18,Beverages,16
Chef Anton's Cajun Seasoning,22,Condiments,16
Flotemysost,21.5,Dairy Products,16
Flotemysost,21.5,Dairy Products,16
Geitost,2.5,Dairy Products,16
Geitost,2.5,Dairy Products,16
Gnocchi di nonna Alice,38,Grains/Cereals,16
Gorgonzola Telino,12.5,Dairy Products,16
Gorgonzola Telino,12.5,Dairy Products,16
Grandma's Boysenberry Spread,25,Condiments,16
Gula Malacca,19.45,Condiments,16
Gula Malacca,19.45,Condiments,16
Gula Malacca,19.45,Condiments,16
Gumb�r Gummib�rchen,31.23,Confections,16
Ikura,31,Seafood,16
Ikura,31,Seafood,16
Ikura,31,Seafood,16
Ikura,31,Seafood,16
Inlagd Sill,19,Seafood,16
Jack's New England Clam Chowder,9.65,Seafood,16
Longlife Tofu,10,Produce,16
Manjimup Dried Apples,53,Produce,16
Mishi Kobe Niku,97,Meat/Poultry,16
Mozzarella di Giovanni,34.8,Dairy Products,16
Northwoods Cranberry Sauce,40,Condiments,16
Pavlova,17.45,Confections,16
Raclette Courdavault,55,Dairy Products,16
Ravioli Angelo,19.5,Grains/Cereals,16
Sirop d'�rable,28.5,Condiments,16
Tofu,23.25,Produce,16
Uncle Bob's Organic Dried Pears,30,Produce,16
Vegie-spread,43.9,Condiments,16
Zaanse koeken,9.5,Confections,16
Alice Mutton,39,Meat/Poultry,15
Alice Mutton,39,Meat/Poultry,15
Alice Mutton,39,Meat/Poultry,15
Alice Mutton,39,Meat/Poultry,15
Boston Crab Meat,18.4,Seafood,15
Camembert Pierrot,34,Dairy Products,15
Camembert Pierrot,34,Dairy Products,15
Camembert Pierrot,34,Dairy Products,15
Camembert Pierrot,34,Dairy Products,15
Camembert Pierrot,34,Dairy Products,15
Chai,18,Beverages,15
Chai,18,Beverages,15
Chai,18,Beverages,15
Chai,18,Beverages,15
Chang,19,Beverages,15
Chang,19,Beverages,15
Chang,19,Beverages,15
Chef Anton's Gumbo Mix,21.35,Condiments,15
Chocolade,12.75,Confections,15
Chocolade,12.75,Confections,15
C�te de Blaye,263.5,Beverages,15
C�te de Blaye,263.5,Beverages,15
C�te de Blaye,263.5,Beverages,15
Escargots de Bourgogne,13.25,Seafood,15
Escargots de Bourgogne,13.25,Seafood,15
Escargots de Bourgogne,13.25,Seafood,15
Filo Mix,7,Grains/Cereals,15
Filo Mix,7,Grains/Cereals,15
Flotemysost,21.5,Dairy Products,15
Flotemysost,21.5,Dairy Products,15
Flotemysost,21.5,Dairy Products,15
Flotemysost,21.5,Dairy Products,15
Flotemysost,21.5,Dairy Products,15
Geitost,2.5,Dairy Products,15
Geitost,2.5,Dairy Products,15
Geitost,2.5,Dairy Products,15
Gnocchi di nonna Alice,38,Grains/Cereals,15
Gnocchi di nonna Alice,38,Grains/Cereals,15
Gorgonzola Telino,12.5,Dairy Products,15
Gorgonzola Telino,12.5,Dairy Products,15
Guaran� Fant�stica,4.5,Beverages,15
Guaran� Fant�stica,4.5,Beverages,15
Guaran� Fant�stica,4.5,Beverages,15
Guaran� Fant�stica,4.5,Beverages,15
Guaran� Fant�stica,4.5,Beverages,15
Gudbrandsdalsost,36,Dairy Products,15
Gudbrandsdalsost,36,Dairy Products,15
Gula Malacca,19.45,Condiments,15
Gula Malacca,19.45,Condiments,15
Gumb�r Gummib�rchen,31.23,Confections,15
Gumb�r Gummib�rchen,31.23,Confections,15
Gumb�r Gummib�rchen,31.23,Confections,15
Gustaf's Kn�ckebr�d,21,Grains/Cereals,15
Ikura,31,Seafood,15
Ikura,31,Seafood,15
Inlagd Sill,19,Seafood,15
Ipoh Coffee,46,Beverages,15
Ipoh Coffee,46,Beverages,15
Ipoh Coffee,46,Beverages,15
Konbu,6,Seafood,15
Lakkalik��ri,18,Beverages,15
Lakkalik��ri,18,Beverages,15
Lakkalik��ri,18,Beverages,15
Laughing Lumberjack Lager,14,Beverages,15
Laughing Lumberjack Lager,14,Beverages,15
Longlife Tofu,10,Produce,15
Longlife Tofu,10,Produce,15
Louisiana Fiery Hot Pepper Sauce,21.05,Condiments,15
Louisiana Fiery Hot Pepper Sauce,21.05,Condiments,15
Louisiana Fiery Hot Pepper Sauce,21.05,Condiments,15
Louisiana Fiery Hot Pepper Sauce,21.05,Condiments,15
Louisiana Fiery Hot Pepper Sauce,21.05,Condiments,15
Manjimup Dried Apples,53,Produce,15
Manjimup Dried Apples,53,Produce,15
Mascarpone Fabioli,32,Dairy Products,15
Maxilaku,20,Confections,15
Maxilaku,20,Confections,15
Mozzarella di Giovanni,34.8,Dairy Products,15
Mozzarella di Giovanni,34.8,Dairy Products,15
Nord-Ost Matjeshering,25.89,Seafood,15
Nord-Ost Matjeshering,25.89,Seafood,15
Nord-Ost Matjeshering,25.89,Seafood,15
Nord-Ost Matjeshering,25.89,Seafood,15
Nord-Ost Matjeshering,25.89,Seafood,15
Nord-Ost Matjeshering,25.89,Seafood,15
Nord-Ost Matjeshering,25.89,Seafood,15
NuNuCa Nu�-Nougat-Creme,14,Confections,15
NuNuCa Nu�-Nougat-Creme,14,Confections,15
Original Frankfurter gr�ne So�e,13,Condiments,15
Original Frankfurter gr�ne So�e,13,Condiments,15
Original Frankfurter gr�ne So�e,13,Condiments,15
Original Frankfurter gr�ne So�e,13,Condiments,15
Original Frankfurter gr�ne So�e,13,Condiments,15
Original Frankfurter gr�ne So�e,13,Condiments,15
Outback Lager,15,Beverages,15
Outback Lager,15,Beverages,15
Pavlova,17.45,Confections,15
Pavlova,17.45,Confections,15
Perth Pasties,32.8,Meat/Poultry,15
Perth Pasties,32.8,Meat/Poultry,15
Perth Pasties,32.8,Meat/Poultry,15
P�t� chinois,24,Meat/Poultry,15
Queso Cabrales,21,Dairy Products,15
Queso Cabrales,21,Dairy Products,15
Queso Cabrales,21,Dairy Products,15
Queso Cabrales,21,Dairy Products,15
Queso Cabrales,21,Dairy Products,15
Queso Cabrales,21,Dairy Products,15
Queso Cabrales,21,Dairy Products,15
Queso Cabrales,21,Dairy Products,15
Queso Manchego La Pastora,38,Dairy Products,15
Queso Manchego La Pastora,38,Dairy Products,15
Raclette Courdavault,55,Dairy Products,15
Raclette Courdavault,55,Dairy Products,15
Raclette Courdavault,55,Dairy Products,15
Raclette Courdavault,55,Dairy Products,15
Ravioli Angelo,19.5,Grains/Cereals,15
Ravioli Angelo,19.5,Grains/Cereals,15
Ravioli Angelo,19.5,Grains/Cereals,15
Ravioli Angelo,19.5,Grains/Cereals,15
Ravioli Angelo,19.5,Grains/Cereals,15
Rh�nbr�u Klosterbier,7.75,Beverages,15
Rogede sild,9.5,Seafood,15
Rogede sild,9.5,Seafood,15
R�d Kaviar,15,Seafood,15
R�d Kaviar,15,Seafood,15
R�ssle Sauerkraut,45.6,Produce,15
R�ssle Sauerkraut,45.6,Produce,15
Schoggi Schokolade,43.9,Confections,15
Scottish Longbreads,12.5,Confections,15
Scottish Longbreads,12.5,Confections,15
Scottish Longbreads,12.5,Confections,15
Sir Rodney's Marmalade,81,Confections,15
Sir Rodney's Marmalade,81,Confections,15
Sir Rodney's Marmalade,81,Confections,15
Sir Rodney's Scones,10,Confections,15
Sir Rodney's Scones,10,Confections,15
Sirop d'�rable,28.5,Condiments,15
Sirop d'�rable,28.5,Condiments,15
Spegesild,12,Seafood,15
Spegesild,12,Seafood,15
Steeleye Stout,18,Beverages,15
Steeleye Stout,18,Beverages,15
Tarte au sucre,49.3,Confections,15
Tarte au sucre,49.3,Confections,15
Tarte au sucre,49.3,Confections,15
Tarte au sucre,49.3,Confections,15
Tarte au sucre,49.3,Confections,15
Teatime Chocolate Biscuits,9.2,Confections,15
Teatime Chocolate Biscuits,9.2,Confections,15
Teatime Chocolate Biscuits,9.2,Confections,15
Teatime Chocolate Biscuits,9.2,Confections,15
Th�ringer Rostbratwurst,123.79,Meat/Poultry,15
Tofu,23.25,Produce,15
Tofu,23.25,Produce,15
Tofu,23.25,Produce,15
Tourti�re,7.45,Meat/Poultry,15
Tourti�re,7.45,Meat/Poultry,15
Tourti�re,7.45,Meat/Poultry,15
Tourti�re,7.45,Meat/Poultry,15
Tunnbr�d,9,Grains/Cereals,15
Uncle Bob's Organic Dried Pears,30,Produce,15
Uncle Bob's Organic Dried Pears,30,Produce,15
Valkoinen suklaa,16.25,Confections,15
Valkoinen suklaa,16.25,Confections,15
Wimmers gute Semmelkn�del,33.25,Grains/Cereals,15
Wimmers gute Semmelkn�del,33.25,Grains/Cereals,15
Zaanse koeken,9.5,Confections,15
Zaanse koeken,9.5,Confections,15
Aniseed Syrup,10,Condiments,14
Filo Mix,7,Grains/Cereals,14
Flotemysost,21.5,Dairy Products,14
Geitost,2.5,Dairy Products,14
Geitost,2.5,Dairy Products,14
Gnocchi di nonna Alice,38,Grains/Cereals,14
Gnocchi di nonna Alice,38,Grains/Cereals,14
Gnocchi di nonna Alice,38,Grains/Cereals,14
Gorgonzola Telino,12.5,Dairy Products,14
Gorgonzola Telino,12.5,Dairy Products,14
Guaran� Fant�stica,4.5,Beverages,14
Ikura,31,Seafood,14
Jack's New England Clam Chowder,9.65,Seafood,14
Jack's New England Clam Chowder,9.65,Seafood,14
Jack's New England Clam Chowder,9.65,Seafood,14
Lakkalik��ri,18,Beverages,14
Lakkalik��ri,18,Beverages,14
Longlife Tofu,10,Produce,14
Original Frankfurter gr�ne So�e,13,Condiments,14
Outback Lager,15,Beverages,14
Pavlova,17.45,Confections,14
Pavlova,17.45,Confections,14
P�t� chinois,24,Meat/Poultry,14
Queso Cabrales,21,Dairy Products,14
Ravioli Angelo,19.5,Grains/Cereals,14
Rh�nbr�u Klosterbier,7.75,Beverages,14
R�ssle Sauerkraut,45.6,Produce,14
Sasquatch Ale,14,Beverages,14
Sasquatch Ale,14,Beverages,14
Singaporean Hokkien Fried Mee,14,Grains/Cereals,14
Sir Rodney's Scones,10,Confections,14
Tarte au sucre,49.3,Confections,14
Th�ringer Rostbratwurst,123.79,Meat/Poultry,14
Th�ringer Rostbratwurst,123.79,Meat/Poultry,14
Th�ringer Rostbratwurst,123.79,Meat/Poultry,14
Zaanse koeken,9.5,Confections,14
Jack's New England Clam Chowder,9.65,Seafood,13
Konbu,6,Seafood,13
R�ssle Sauerkraut,45.6,Produce,13
Alice Mutton,39,Meat/Poultry,12
Alice Mutton,39,Meat/Poultry,12
Boston Crab Meat,18.4,Seafood,12
Camembert Pierrot,34,Dairy Products,12
Carnarvon Tigers,62.5,Seafood,12
Carnarvon Tigers,62.5,Seafood,12
Chai,18,Beverages,12
Chang,19,Beverages,12
Chang,19,Beverages,12
Chef Anton's Cajun Seasoning,22,Condiments,12
Chef Anton's Gumbo Mix,21.35,Condiments,12
Escargots de Bourgogne,13.25,Seafood,12
Escargots de Bourgogne,13.25,Seafood,12
Filo Mix,7,Grains/Cereals,12
Flotemysost,21.5,Dairy Products,12
Flotemysost,21.5,Dairy Products,12
Flotemysost,21.5,Dairy Products,12
Geitost,2.5,Dairy Products,12
Genen Shouyu,15.5,Condiments,12
Gnocchi di nonna Alice,38,Grains/Cereals,12
Gnocchi di nonna Alice,38,Grains/Cereals,12
Gnocchi di nonna Alice,38,Grains/Cereals,12
Grandma's Boysenberry Spread,25,Condiments,12
Guaran� Fant�stica,4.5,Beverages,12
Guaran� Fant�stica,4.5,Beverages,12
Guaran� Fant�stica,4.5,Beverages,12
Guaran� Fant�stica,4.5,Beverages,12
Guaran� Fant�stica,4.5,Beverages,12
Gula Malacca,19.45,Condiments,12
Gumb�r Gummib�rchen,31.23,Confections,12
Gumb�r Gummib�rchen,31.23,Confections,12
Gumb�r Gummib�rchen,31.23,Confections,12
Gustaf's Kn�ckebr�d,21,Grains/Cereals,12
Inlagd Sill,19,Seafood,12
Ipoh Coffee,46,Beverages,12
Jack's New England Clam Chowder,9.65,Seafood,12
Jack's New England Clam Chowder,9.65,Seafood,12
Jack's New England Clam Chowder,9.65,Seafood,12
Jack's New England Clam Chowder,9.65,Seafood,12
Jack's New England Clam Chowder,9.65,Seafood,12
Jack's New England Clam Chowder,9.65,Seafood,12
Konbu,6,Seafood,12
Lakkalik��ri,18,Beverages,12
Louisiana Fiery Hot Pepper Sauce,21.05,Condiments,12
Louisiana Fiery Hot Pepper Sauce,21.05,Condiments,12
Louisiana Fiery Hot Pepper Sauce,21.05,Condiments,12
Mozzarella di Giovanni,34.8,Dairy Products,12
NuNuCa Nu�-Nougat-Creme,14,Confections,12
NuNuCa Nu�-Nougat-Creme,14,Confections,12
Original Frankfurter gr�ne So�e,13,Condiments,12
Outback Lager,15,Beverages,12
Outback Lager,15,Beverages,12
Outback Lager,15,Beverages,12
Pavlova,17.45,Confections,12
Pavlova,17.45,Confections,12
Perth Pasties,32.8,Meat/Poultry,12
P�t� chinois,24,Meat/Poultry,12
P�t� chinois,24,Meat/Poultry,12
P�t� chinois,24,Meat/Poultry,12
Queso Cabrales,21,Dairy Products,12
Queso Cabrales,21,Dairy Products,12
Queso Cabrales,21,Dairy Products,12
Queso Manchego La Pastora,38,Dairy Products,12
Raclette Courdavault,55,Dairy Products,12
Raclette Courdavault,55,Dairy Products,12
Raclette Courdavault,55,Dairy Products,12
Raclette Courdavault,55,Dairy Products,12
Rh�nbr�u Klosterbier,7.75,Beverages,12
Rh�nbr�u Klosterbier,7.75,Beverages,12
R�ssle Sauerkraut,45.6,Produce,12
Sasquatch Ale,14,Beverages,12
Singaporean Hokkien Fried Mee,14,Grains/Cereals,12
Sir Rodney's Marmalade,81,Confections,12
Sir Rodney's Scones,10,Confections,12
Sir Rodney's Scones,10,Confections,12
Sir Rodney's Scones,10,Confections,12
Sir Rodney's Scones,10,Confections,12
Tarte au sucre,49.3,Confections,12
Tarte au sucre,49.3,Confections,12
Tarte au sucre,49.3,Confections,12
Teatime Chocolate Biscuits,9.2,Confections,12
Teatime Chocolate Biscuits,9.2,Confections,12
Teatime Chocolate Biscuits,9.2,Confections,12
Teatime Chocolate Biscuits,9.2,Confections,12
Teatime Chocolate Biscuits,9.2,Confections,12
Teatime Chocolate Biscuits,9.2,Confections,12
Th�ringer Rostbratwurst,123.79,Meat/Poultry,12
Tofu,23.25,Produce,12
Tofu,23.25,Produce,12
Uncle Bob's Organic Dried Pears,30,Produce,12
Vegie-spread,43.9,Condiments,12
Zaanse koeken,9.5,Confections,12
Chang,19,Beverages,11
Tofu,23.25,Produce,11
Alice Mutton,39,Meat/Poultry,10
Alice Mutton,39,Meat/Poultry,10
Boston Crab Meat,18.4,Seafood,10
Boston Crab Meat,18.4,Seafood,10
Boston Crab Meat,18.4,Seafood,10
Boston Crab Meat,18.4,Seafood,10
Boston Crab Meat,18.4,Seafood,10
Boston Crab Meat,18.4,Seafood,10
Boston Crab Meat,18.4,Seafood,10
Camembert Pierrot,34,Dairy Products,10
Camembert Pierrot,34,Dairy Products,10
Camembert Pierrot,34,Dairy Products,10
Camembert Pierrot,34,Dairy Products,10
Carnarvon Tigers,62.5,Seafood,10
Carnarvon Tigers,62.5,Seafood,10
Chai,18,Beverages,10
Chai,18,Beverages,10
Chai,18,Beverages,10
Chai,18,Beverages,10
Chai,18,Beverages,10
Chang,19,Beverages,10
Chang,19,Beverages,10
Chang,19,Beverages,10
Chang,19,Beverages,10
Chang,19,Beverages,10
Chang,19,Beverages,10
Chang,19,Beverages,10
Chartreuse verte,18,Beverages,10
Chartreuse verte,18,Beverages,10
Chartreuse verte,18,Beverages,10
Chef Anton's Cajun Seasoning,22,Condiments,10
Chef Anton's Cajun Seasoning,22,Condiments,10
C�te de Blaye,263.5,Beverages,10
C�te de Blaye,263.5,Beverages,10
Filo Mix,7,Grains/Cereals,10
Geitost,2.5,Dairy Products,10
Genen Shouyu,15.5,Condiments,10
Gnocchi di nonna Alice,38,Grains/Cereals,10
Gorgonzola Telino,12.5,Dairy Products,10
Gorgonzola Telino,12.5,Dairy Products,10
Gravad lax,26,Seafood,10
Guaran� Fant�stica,4.5,Beverages,10
Guaran� Fant�stica,4.5,Beverages,10
Guaran� Fant�stica,4.5,Beverages,10
Guaran� Fant�stica,4.5,Beverages,10
Guaran� Fant�stica,4.5,Beverages,10
Guaran� Fant�stica,4.5,Beverages,10
Guaran� Fant�stica,4.5,Beverages,10
Guaran� Fant�stica,4.5,Beverages,10
Gudbrandsdalsost,36,Dairy Products,10
Gudbrandsdalsost,36,Dairy Products,10
Gudbrandsdalsost,36,Dairy Products,10
Gudbrandsdalsost,36,Dairy Products,10
Gula Malacca,19.45,Condiments,10
Gula Malacca,19.45,Condiments,10
Gula Malacca,19.45,Condiments,10
Gumb�r Gummib�rchen,31.23,Confections,10
Ikura,31,Seafood,10
Ikura,31,Seafood,10
Ikura,31,Seafood,10
Ipoh Coffee,46,Beverages,10
Jack's New England Clam Chowder,9.65,Seafood,10
Jack's New England Clam Chowder,9.65,Seafood,10
Jack's New England Clam Chowder,9.65,Seafood,10
Jack's New England Clam Chowder,9.65,Seafood,10
Konbu,6,Seafood,10
Konbu,6,Seafood,10
Konbu,6,Seafood,10
Konbu,6,Seafood,10
Konbu,6,Seafood,10
Konbu,6,Seafood,10
Konbu,6,Seafood,10
Lakkalik��ri,18,Beverages,10
Lakkalik��ri,18,Beverages,10
Lakkalik��ri,18,Beverages,10
Lakkalik��ri,18,Beverages,10
Lakkalik��ri,18,Beverages,10
Lakkalik��ri,18,Beverages,10
Lakkalik��ri,18,Beverages,10
Louisiana Fiery Hot Pepper Sauce,21.05,Condiments,10
Louisiana Fiery Hot Pepper Sauce,21.05,Condiments,10
Louisiana Fiery Hot Pepper Sauce,21.05,Condiments,10
Louisiana Fiery Hot Pepper Sauce,21.05,Condiments,10
Louisiana Hot Spiced Okra,17,Condiments,10
Manjimup Dried Apples,53,Produce,10
Manjimup Dried Apples,53,Produce,10
Manjimup Dried Apples,53,Produce,10
Mascarpone Fabioli,32,Dairy Products,10
Mascarpone Fabioli,32,Dairy Products,10
Maxilaku,20,Confections,10
Mozzarella di Giovanni,34.8,Dairy Products,10
Mozzarella di Giovanni,34.8,Dairy Products,10
Mozzarella di Giovanni,34.8,Dairy Products,10
Nord-Ost Matjeshering,25.89,Seafood,10
Nord-Ost Matjeshering,25.89,Seafood,10
Nord-Ost Matjeshering,25.89,Seafood,10
Northwoods Cranberry Sauce,40,Condiments,10
Northwoods Cranberry Sauce,40,Condiments,10
NuNuCa Nu�-Nougat-Creme,14,Confections,10
NuNuCa Nu�-Nougat-Creme,14,Confections,10
NuNuCa Nu�-Nougat-Creme,14,Confections,10
Original Frankfurter gr�ne So�e,13,Condiments,10
Original Frankfurter gr�ne So�e,13,Condiments,10
Original Frankfurter gr�ne So�e,13,Condiments,10
Original Frankfurter gr�ne So�e,13,Condiments,10
Pavlova,17.45,Confections,10
Pavlova,17.45,Confections,10
Perth Pasties,32.8,Meat/Poultry,10
Perth Pasties,32.8,Meat/Poultry,10
Perth Pasties,32.8,Meat/Poultry,10
Perth Pasties,32.8,Meat/Poultry,10
Perth Pasties,32.8,Meat/Poultry,10
P�t� chinois,24,Meat/Poultry,10
P�t� chinois,24,Meat/Poultry,10
Queso Cabrales,21,Dairy Products,10
Queso Cabrales,21,Dairy Products,10
Queso Cabrales,21,Dairy Products,10
Queso Cabrales,21,Dairy Products,10
Queso Cabrales,21,Dairy Products,10
Queso Cabrales,21,Dairy Products,10
Raclette Courdavault,55,Dairy Products,10
Raclette Courdavault,55,Dairy Products,10
Raclette Courdavault,55,Dairy Products,10
Ravioli Angelo,19.5,Grains/Cereals,10
Rh�nbr�u Klosterbier,7.75,Beverages,10
Rh�nbr�u Klosterbier,7.75,Beverages,10
Rh�nbr�u Klosterbier,7.75,Beverages,10
Rh�nbr�u Klosterbier,7.75,Beverages,10
Rh�nbr�u Klosterbier,7.75,Beverages,10
R�d Kaviar,15,Seafood,10
R�ssle Sauerkraut,45.6,Produce,10
Sasquatch Ale,14,Beverages,10
Sasquatch Ale,14,Beverages,10
Sasquatch Ale,14,Beverages,10
Sasquatch Ale,14,Beverages,10
Sasquatch Ale,14,Beverages,10
Schoggi Schokolade,43.9,Confections,10
Scottish Longbreads,12.5,Confections,10
Scottish Longbreads,12.5,Confections,10
Scottish Longbreads,12.5,Confections,10
Singaporean Hokkien Fried Mee,14,Grains/Cereals,10
Singaporean Hokkien Fried Mee,14,Grains/Cereals,10
Singaporean Hokkien Fried Mee,14,Grains/Cereals,10
Sir Rodney's Scones,10,Confections,10
Sir Rodney's Scones,10,Confections,10
Sir Rodney's Scones,10,Confections,10
Sirop d'�rable,28.5,Condiments,10
Sirop d'�rable,28.5,Condiments,10
Sirop d'�rable,28.5,Condiments,10
Spegesild,12,Seafood,10
Steeleye Stout,18,Beverages,10
Steeleye Stout,18,Beverages,10
Tarte au sucre,49.3,Confections,10
Tarte au sucre,49.3,Confections,10
Tarte au sucre,49.3,Confections,10
Tarte au sucre,49.3,Confections,10
Tarte au sucre,49.3,Confections,10
Tarte au sucre,49.3,Confections,10
Tarte au sucre,49.3,Confections,10
Teatime Chocolate Biscuits,9.2,Confections,10
Teatime Chocolate Biscuits,9.2,Confections,10
Teatime Chocolate Biscuits,9.2,Confections,10
Th�ringer Rostbratwurst,123.79,Meat/Poultry,10
Th�ringer Rostbratwurst,123.79,Meat/Poultry,10
Th�ringer Rostbratwurst,123.79,Meat/Poultry,10
Th�ringer Rostbratwurst,123.79,Meat/Poultry,10
Th�ringer Rostbratwurst,123.79,Meat/Poultry,10
Tofu,23.25,Produce,10
Tourti�re,7.45,Meat/Poultry,10
Tourti�re,7.45,Meat/Poultry,10
Tourti�re,7.45,Meat/Poultry,10
Tourti�re,7.45,Meat/Poultry,10
Tourti�re,7.45,Meat/Poultry,10
Tunnbr�d,9,Grains/Cereals,10
Tunnbr�d,9,Grains/Cereals,10
Tunnbr�d,9,Grains/Cereals,10
Uncle Bob's Organic Dried Pears,30,Produce,10
Uncle Bob's Organic Dried Pears,30,Produce,10
Uncle Bob's Organic Dried Pears,30,Produce,10
Vegie-spread,43.9,Condiments,10
Zaanse koeken,9.5,Confections,10
Camembert Pierrot,34,Dairy Products,9
Carnarvon Tigers,62.5,Seafood,9
Filo Mix,7,Grains/Cereals,9
Flotemysost,21.5,Dairy Products,9
Flotemysost,21.5,Dairy Products,9
Gorgonzola Telino,12.5,Dairy Products,9
Gudbrandsdalsost,36,Dairy Products,9
Gula Malacca,19.45,Condiments,9
Ipoh Coffee,46,Beverages,9
Ipoh Coffee,46,Beverages,9
Jack's New England Clam Chowder,9.65,Seafood,9
Jack's New England Clam Chowder,9.65,Seafood,9
Mozzarella di Giovanni,34.8,Dairy Products,9
Outback Lager,15,Beverages,9
Perth Pasties,32.8,Meat/Poultry,9
Raclette Courdavault,55,Dairy Products,9
Raclette Courdavault,55,Dairy Products,9
Raclette Courdavault,55,Dairy Products,9
R�d Kaviar,15,Seafood,9
Singaporean Hokkien Fried Mee,14,Grains/Cereals,9
Spegesild,12,Seafood,9
Spegesild,12,Seafood,9
Steeleye Stout,18,Beverages,9
Tarte au sucre,49.3,Confections,9
Tofu,23.25,Produce,9
Tofu,23.25,Produce,9
Valkoinen suklaa,16.25,Confections,9
Vegie-spread,43.9,Condiments,9
Wimmers gute Semmelkn�del,33.25,Grains/Cereals,9
Wimmers gute Semmelkn�del,33.25,Grains/Cereals,9
Alice Mutton,39,Meat/Poultry,8
Alice Mutton,39,Meat/Poultry,8
Alice Mutton,39,Meat/Poultry,8
Camembert Pierrot,34,Dairy Products,8
Carnarvon Tigers,62.5,Seafood,8
Carnarvon Tigers,62.5,Seafood,8
Carnarvon Tigers,62.5,Seafood,8
Chai,18,Beverages,8
Chai,18,Beverages,8
Chai,18,Beverages,8
Chang,19,Beverages,8
Chartreuse verte,18,Beverages,8
Chocolade,12.75,Confections,8
C�te de Blaye,263.5,Beverages,8
Filo Mix,7,Grains/Cereals,8
Filo Mix,7,Grains/Cereals,8
Filo Mix,7,Grains/Cereals,8
Flotemysost,21.5,Dairy Products,8
Geitost,2.5,Dairy Products,8
Geitost,2.5,Dairy Products,8
Geitost,2.5,Dairy Products,8
Gorgonzola Telino,12.5,Dairy Products,8
Gorgonzola Telino,12.5,Dairy Products,8
Gravad lax,26,Seafood,8
Guaran� Fant�stica,4.5,Beverages,8
Guaran� Fant�stica,4.5,Beverages,8
Gudbrandsdalsost,36,Dairy Products,8
Jack's New England Clam Chowder,9.65,Seafood,8
Konbu,6,Seafood,8
Konbu,6,Seafood,8
Manjimup Dried Apples,53,Produce,8
Nord-Ost Matjeshering,25.89,Seafood,8
Nord-Ost Matjeshering,25.89,Seafood,8
Outback Lager,15,Beverages,8
Outback Lager,15,Beverages,8
Raclette Courdavault,55,Dairy Products,8
Rh�nbr�u Klosterbier,7.75,Beverages,8
R�ssle Sauerkraut,45.6,Produce,8
R�ssle Sauerkraut,45.6,Produce,8
R�ssle Sauerkraut,45.6,Produce,8
Scottish Longbreads,12.5,Confections,8
Sir Rodney's Scones,10,Confections,8
Steeleye Stout,18,Beverages,8
Steeleye Stout,18,Beverages,8
Th�ringer Rostbratwurst,123.79,Meat/Poultry,8
Tunnbr�d,9,Grains/Cereals,8
Uncle Bob's Organic Dried Pears,30,Produce,8
Vegie-spread,43.9,Condiments,8
Wimmers gute Semmelkn�del,33.25,Grains/Cereals,8
Wimmers gute Semmelkn�del,33.25,Grains/Cereals,8
Chang,19,Beverages,7
Geitost,2.5,Dairy Products,7
Gudbrandsdalsost,36,Dairy Products,7
Ipoh Coffee,46,Beverages,7
Konbu,6,Seafood,7
Konbu,6,Seafood,7
Laughing Lumberjack Lager,14,Beverages,7
Manjimup Dried Apples,53,Produce,7
Mozzarella di Giovanni,34.8,Dairy Products,7
Mozzarella di Giovanni,34.8,Dairy Products,7
NuNuCa Nu�-Nougat-Creme,14,Confections,7
Original Frankfurter gr�ne So�e,13,Condiments,7
Original Frankfurter gr�ne So�e,13,Condiments,7
Outback Lager,15,Beverages,7
Raclette Courdavault,55,Dairy Products,7
Rh�nbr�u Klosterbier,7.75,Beverages,7
R�ssle Sauerkraut,45.6,Produce,7
Sirop d'�rable,28.5,Condiments,7
Teatime Chocolate Biscuits,9.2,Confections,7
Teatime Chocolate Biscuits,9.2,Confections,7
Teatime Chocolate Biscuits,9.2,Confections,7
Tourti�re,7.45,Meat/Poultry,7
Wimmers gute Semmelkn�del,33.25,Grains/Cereals,7
Alice Mutton,39,Meat/Poultry,6
Alice Mutton,39,Meat/Poultry,6
Alice Mutton,39,Meat/Poultry,6
Aniseed Syrup,10,Condiments,6
Boston Crab Meat,18.4,Seafood,6
Camembert Pierrot,34,Dairy Products,6
Carnarvon Tigers,62.5,Seafood,6
Chai,18,Beverages,6
Chartreuse verte,18,Beverages,6
Chartreuse verte,18,Beverages,6
Chef Anton's Cajun Seasoning,22,Condiments,6
Chocolade,12.75,Confections,6
Escargots de Bourgogne,13.25,Seafood,6
Filo Mix,7,Grains/Cereals,6
Filo Mix,7,Grains/Cereals,6
Flotemysost,21.5,Dairy Products,6
Gorgonzola Telino,12.5,Dairy Products,6
Grandma's Boysenberry Spread,25,Condiments,6
Grandma's Boysenberry Spread,25,Condiments,6
Guaran� Fant�stica,4.5,Beverages,6
Guaran� Fant�stica,4.5,Beverages,6
Gula Malacca,19.45,Condiments,6
Gumb�r Gummib�rchen,31.23,Confections,6
Gumb�r Gummib�rchen,31.23,Confections,6
Gumb�r Gummib�rchen,31.23,Confections,6
Gustaf's Kn�ckebr�d,21,Grains/Cereals,6
Gustaf's Kn�ckebr�d,21,Grains/Cereals,6
Ikura,31,Seafood,6
Inlagd Sill,19,Seafood,6
Inlagd Sill,19,Seafood,6
Inlagd Sill,19,Seafood,6
Ipoh Coffee,46,Beverages,6
Ipoh Coffee,46,Beverages,6
Jack's New England Clam Chowder,9.65,Seafood,6
Jack's New England Clam Chowder,9.65,Seafood,6
Jack's New England Clam Chowder,9.65,Seafood,6
Konbu,6,Seafood,6
Konbu,6,Seafood,6
Lakkalik��ri,18,Beverages,6
Lakkalik��ri,18,Beverages,6
Manjimup Dried Apples,53,Produce,6
Manjimup Dried Apples,53,Produce,6
Mascarpone Fabioli,32,Dairy Products,6
Mascarpone Fabioli,32,Dairy Products,6
Mascarpone Fabioli,32,Dairy Products,6
Maxilaku,20,Confections,6
Mishi Kobe Niku,97,Meat/Poultry,6
Nord-Ost Matjeshering,25.89,Seafood,6
NuNuCa Nu�-Nougat-Creme,14,Confections,6
Outback Lager,15,Beverages,6
Outback Lager,15,Beverages,6
Pavlova,17.45,Confections,6
Perth Pasties,32.8,Meat/Poultry,6
P�t� chinois,24,Meat/Poultry,6
P�t� chinois,24,Meat/Poultry,6
Queso Cabrales,21,Dairy Products,6
Queso Cabrales,21,Dairy Products,6
Raclette Courdavault,55,Dairy Products,6
Raclette Courdavault,55,Dairy Products,6
Ravioli Angelo,19.5,Grains/Cereals,6
Rh�nbr�u Klosterbier,7.75,Beverages,6
Rh�nbr�u Klosterbier,7.75,Beverages,6
Rh�nbr�u Klosterbier,7.75,Beverages,6
Rh�nbr�u Klosterbier,7.75,Beverages,6
R�ssle Sauerkraut,45.6,Produce,6
Scottish Longbreads,12.5,Confections,6
Scottish Longbreads,12.5,Confections,6
Singaporean Hokkien Fried Mee,14,Grains/Cereals,6
Singaporean Hokkien Fried Mee,14,Grains/Cereals,6
Sir Rodney's Marmalade,81,Confections,6
Sir Rodney's Scones,10,Confections,6
Sir Rodney's Scones,10,Confections,6
Sirop d'�rable,28.5,Condiments,6
Steeleye Stout,18,Beverages,6
Steeleye Stout,18,Beverages,6
Tarte au sucre,49.3,Confections,6
Th�ringer Rostbratwurst,123.79,Meat/Poultry,6
Tourti�re,7.45,Meat/Poultry,6
Tourti�re,7.45,Meat/Poultry,6
Tourti�re,7.45,Meat/Poultry,6
Tourti�re,7.45,Meat/Poultry,6
Uncle Bob's Organic Dried Pears,30,Produce,6
Vegie-spread,43.9,Condiments,6
Wimmers gute Semmelkn�del,33.25,Grains/Cereals,6
Wimmers gute Semmelkn�del,33.25,Grains/Cereals,6
Zaanse koeken,9.5,Confections,6
Zaanse koeken,9.5,Confections,6
Boston Crab Meat,18.4,Seafood,5
Boston Crab Meat,18.4,Seafood,5
Chai,18,Beverages,5
Chang,19,Beverages,5
Chang,19,Beverages,5
Chartreuse verte,18,Beverages,5
Chef Anton's Cajun Seasoning,22,Condiments,5
C�te de Blaye,263.5,Beverages,5
C�te de Blaye,263.5,Beverages,5
Filo Mix,7,Grains/Cereals,5
Filo Mix,7,Grains/Cereals,5
Flotemysost,21.5,Dairy Products,5
Genen Shouyu,15.5,Condiments,5
Gnocchi di nonna Alice,38,Grains/Cereals,5
Gnocchi di nonna Alice,38,Grains/Cereals,5
Gnocchi di nonna Alice,38,Grains/Cereals,5
Guaran� Fant�stica,4.5,Beverages,5
Guaran� Fant�stica,4.5,Beverages,5
Gumb�r Gummib�rchen,31.23,Confections,5
Gumb�r Gummib�rchen,31.23,Confections,5
Ikura,31,Seafood,5
Inlagd Sill,19,Seafood,5
Inlagd Sill,19,Seafood,5
Ipoh Coffee,46,Beverages,5
Jack's New England Clam Chowder,9.65,Seafood,5
Konbu,6,Seafood,5
Lakkalik��ri,18,Beverages,5
Laughing Lumberjack Lager,14,Beverages,5
Longlife Tofu,10,Produce,5
Louisiana Fiery Hot Pepper Sauce,21.05,Condiments,5
Mozzarella di Giovanni,34.8,Dairy Products,5
Mozzarella di Giovanni,34.8,Dairy Products,5
NuNuCa Nu�-Nougat-Creme,14,Confections,5
NuNuCa Nu�-Nougat-Creme,14,Confections,5
Original Frankfurter gr�ne So�e,13,Condiments,5
Original Frankfurter gr�ne So�e,13,Condiments,5
Original Frankfurter gr�ne So�e,13,Condiments,5
Outback Lager,15,Beverages,5
Outback Lager,15,Beverages,5
Perth Pasties,32.8,Meat/Poultry,5
P�t� chinois,24,Meat/Poultry,5
Queso Cabrales,21,Dairy Products,5
Queso Cabrales,21,Dairy Products,5
Queso Cabrales,21,Dairy Products,5
Ravioli Angelo,19.5,Grains/Cereals,5
R�ssle Sauerkraut,45.6,Produce,5
Singaporean Hokkien Fried Mee,14,Grains/Cereals,5
Sir Rodney's Marmalade,81,Confections,5
Sir Rodney's Marmalade,81,Confections,5
Sir Rodney's Scones,10,Confections,5
Sir Rodney's Scones,10,Confections,5
Sirop d'�rable,28.5,Condiments,5
Sirop d'�rable,28.5,Condiments,5
Spegesild,12,Seafood,5
Spegesild,12,Seafood,5
Tarte au sucre,49.3,Confections,5
Tarte au sucre,49.3,Confections,5
Teatime Chocolate Biscuits,9.2,Confections,5
Teatime Chocolate Biscuits,9.2,Confections,5
Teatime Chocolate Biscuits,9.2,Confections,5
Tofu,23.25,Produce,5
Tourti�re,7.45,Meat/Poultry,5
Tunnbr�d,9,Grains/Cereals,5
Uncle Bob's Organic Dried Pears,30,Produce,5
Vegie-spread,43.9,Condiments,5
Zaanse koeken,9.5,Confections,5
Zaanse koeken,9.5,Confections,5
Aniseed Syrup,10,Condiments,4
Boston Crab Meat,18.4,Seafood,4
Camembert Pierrot,34,Dairy Products,4
Camembert Pierrot,34,Dairy Products,4
Carnarvon Tigers,62.5,Seafood,4
Carnarvon Tigers,62.5,Seafood,4
Chai,18,Beverages,4
Chai,18,Beverages,4
Chartreuse verte,18,Beverages,4
Chef Anton's Gumbo Mix,21.35,Condiments,4
C�te de Blaye,263.5,Beverages,4
Filo Mix,7,Grains/Cereals,4
Filo Mix,7,Grains/Cereals,4
Geitost,2.5,Dairy Products,4
Gnocchi di nonna Alice,38,Grains/Cereals,4
Gorgonzola Telino,12.5,Dairy Products,4
Gustaf's Kn�ckebr�d,21,Grains/Cereals,4
Jack's New England Clam Chowder,9.65,Seafood,4
Jack's New England Clam Chowder,9.65,Seafood,4
Konbu,6,Seafood,4
Konbu,6,Seafood,4
Lakkalik��ri,18,Beverages,4
Louisiana Hot Spiced Okra,17,Condiments,4
Manjimup Dried Apples,53,Produce,4
Mascarpone Fabioli,32,Dairy Products,4
Maxilaku,20,Confections,4
Mozzarella di Giovanni,34.8,Dairy Products,4
Nord-Ost Matjeshering,25.89,Seafood,4
NuNuCa Nu�-Nougat-Creme,14,Confections,4
Outback Lager,15,Beverages,4
Outback Lager,15,Beverages,4
P�t� chinois,24,Meat/Poultry,4
P�t� chinois,24,Meat/Poultry,4
P�t� chinois,24,Meat/Poultry,4
Queso Manchego La Pastora,38,Dairy Products,4
Queso Manchego La Pastora,38,Dairy Products,4
Raclette Courdavault,55,Dairy Products,4
Raclette Courdavault,55,Dairy Products,4
Ravioli Angelo,19.5,Grains/Cereals,4
Rh�nbr�u Klosterbier,7.75,Beverages,4
Rh�nbr�u Klosterbier,7.75,Beverages,4
Rogede sild,9.5,Seafood,4
R�ssle Sauerkraut,45.6,Produce,4
Scottish Longbreads,12.5,Confections,4
Singaporean Hokkien Fried Mee,14,Grains/Cereals,4
Sirop d'�rable,28.5,Condiments,4
Sirop d'�rable,28.5,Condiments,4
Steeleye Stout,18,Beverages,4
Steeleye Stout,18,Beverages,4
Steeleye Stout,18,Beverages,4
Teatime Chocolate Biscuits,9.2,Confections,4
Th�ringer Rostbratwurst,123.79,Meat/Poultry,4
Tourti�re,7.45,Meat/Poultry,4
Uncle Bob's Organic Dried Pears,30,Produce,4
Wimmers gute Semmelkn�del,33.25,Grains/Cereals,4
Boston Crab Meat,18.4,Seafood,3
Chai,18,Beverages,3
Chang,19,Beverages,3
Chartreuse verte,18,Beverages,3
Flotemysost,21.5,Dairy Products,3
Gorgonzola Telino,12.5,Dairy Products,3
Gorgonzola Telino,12.5,Dairy Products,3
Guaran� Fant�stica,4.5,Beverages,3
Gudbrandsdalsost,36,Dairy Products,3
Ipoh Coffee,46,Beverages,3
Jack's New England Clam Chowder,9.65,Seafood,3
Konbu,6,Seafood,3
Laughing Lumberjack Lager,14,Beverages,3
Manjimup Dried Apples,53,Produce,3
Manjimup Dried Apples,53,Produce,3
Manjimup Dried Apples,53,Produce,3
Mishi Kobe Niku,97,Meat/Poultry,3
Mozzarella di Giovanni,34.8,Dairy Products,3
Nord-Ost Matjeshering,25.89,Seafood,3
Outback Lager,15,Beverages,3
Outback Lager,15,Beverages,3
Pavlova,17.45,Confections,3
Pavlova,17.45,Confections,3
Pavlova,17.45,Confections,3
Perth Pasties,32.8,Meat/Poultry,3
Perth Pasties,32.8,Meat/Poultry,3
Queso Cabrales,21,Dairy Products,3
R�d Kaviar,15,Seafood,3
R�ssle Sauerkraut,45.6,Produce,3
R�ssle Sauerkraut,45.6,Produce,3
Scottish Longbreads,12.5,Confections,3
Scottish Longbreads,12.5,Confections,3
Sir Rodney's Scones,10,Confections,3
Spegesild,12,Seafood,3
Spegesild,12,Seafood,3
Steeleye Stout,18,Beverages,3
Steeleye Stout,18,Beverages,3
Tarte au sucre,49.3,Confections,3
Tarte au sucre,49.3,Confections,3
Tarte au sucre,49.3,Confections,3
Tofu,23.25,Produce,3
Tofu,23.25,Produce,3
Tourti�re,7.45,Meat/Poultry,3
Tourti�re,7.45,Meat/Poultry,3
Uncle Bob's Organic Dried Pears,30,Produce,3
Wimmers gute Semmelkn�del,33.25,Grains/Cereals,3
Alice Mutton,39,Meat/Poultry,2
Boston Crab Meat,18.4,Seafood,2
Boston Crab Meat,18.4,Seafood,2
Camembert Pierrot,34,Dairy Products,2
Camembert Pierrot,34,Dairy Products,2
Chai,18,Beverages,2
Chartreuse verte,18,Beverages,2
Chartreuse verte,18,Beverages,2
C�te de Blaye,263.5,Beverages,2
Filo Mix,7,Grains/Cereals,2
Filo Mix,7,Grains/Cereals,2
Flotemysost,21.5,Dairy Products,2
Flotemysost,21.5,Dairy Products,2
Gnocchi di nonna Alice,38,Grains/Cereals,2
Gorgonzola Telino,12.5,Dairy Products,2
Gula Malacca,19.45,Condiments,2
Gumb�r Gummib�rchen,31.23,Confections,2
Ikura,31,Seafood,2
Ikura,31,Seafood,2
Konbu,6,Seafood,2
Lakkalik��ri,18,Beverages,2
Louisiana Fiery Hot Pepper Sauce,21.05,Condiments,2
Manjimup Dried Apples,53,Produce,2
Manjimup Dried Apples,53,Produce,2
Maxilaku,20,Confections,2
Mozzarella di Giovanni,34.8,Dairy Products,2
Nord-Ost Matjeshering,25.89,Seafood,2
Northwoods Cranberry Sauce,40,Condiments,2
Original Frankfurter gr�ne So�e,13,Condiments,2
Original Frankfurter gr�ne So�e,13,Condiments,2
Original Frankfurter gr�ne So�e,13,Condiments,2
Pavlova,17.45,Confections,2
Perth Pasties,32.8,Meat/Poultry,2
P�t� chinois,24,Meat/Poultry,2
P�t� chinois,24,Meat/Poultry,2
Queso Cabrales,21,Dairy Products,2
Queso Manchego La Pastora,38,Dairy Products,2
Raclette Courdavault,55,Dairy Products,2
Ravioli Angelo,19.5,Grains/Cereals,2
Rh�nbr�u Klosterbier,7.75,Beverages,2
R�d Kaviar,15,Seafood,2
R�ssle Sauerkraut,45.6,Produce,2
Scottish Longbreads,12.5,Confections,2
Singaporean Hokkien Fried Mee,14,Grains/Cereals,2
Singaporean Hokkien Fried Mee,14,Grains/Cereals,2
Spegesild,12,Seafood,2
Spegesild,12,Seafood,2
Tarte au sucre,49.3,Confections,2
Teatime Chocolate Biscuits,9.2,Confections,2
Th�ringer Rostbratwurst,123.79,Meat/Poultry,2
Tunnbr�d,9,Grains/Cereals,2
Wimmers gute Semmelkn�del,33.25,Grains/Cereals,2
Boston Crab Meat,18.4,Seafood,1
Chef Anton's Cajun Seasoning,22,Condiments,1
Gorgonzola Telino,12.5,Dairy Products,1
Grandma's Boysenberry Spread,25,Condiments,1
Gravad lax,26,Seafood,1
Gudbrandsdalsost,36,Dairy Products,1
Ikura,31,Seafood,1
Konbu,6,Seafood,1
Louisiana Hot Spiced Okra,17,Condiments,1
Mascarpone Fabioli,32,Dairy Products,1
Mozzarella di Giovanni,34.8,Dairy Products,1
Nord-Ost Matjeshering,25.89,Seafood,1
Raclette Courdavault,55,Dairy Products,1
Sir Rodney's Marmalade,81,Confections,1
Teatime Chocolate Biscuits,9.2,Confections,1
Tofu,23.25,Produce,1
Uncle Bob's Organic Dried Pears,30,Produce,1
